"forecast_date","target_end_date","location","location_name","value","type","quantile","target"
2020-10-04,2020-10-10,"GM","Germany",316147.825671581,"point",NA,"1 wk ahead cum case"
2020-10-04,2020-10-17,"GM","Germany",336698.338780113,"point",NA,"2 wk ahead cum case"
2020-10-04,2020-10-24,"GM","Germany",359973.40236792,"point",NA,"3 wk ahead cum case"
2020-10-04,2020-10-31,"GM","Germany",385386.025862063,"point",NA,"4 wk ahead cum case"
2020-10-04,2020-11-07,"GM","Germany",412430.732852639,"point",NA,"5 wk ahead cum case"
2020-10-04,2020-11-14,"GM","Germany",440612.527442739,"point",NA,"6 wk ahead cum case"
2020-10-04,2020-11-21,"GM","Germany",469434.729224242,"point",NA,"7 wk ahead cum case"
2020-10-04,2020-11-28,"GM","Germany",498394.687151781,"point",NA,"8 wk ahead cum case"
2020-10-04,2020-12-05,"GM","Germany",527012.155870544,"point",NA,"9 wk ahead cum case"
2020-10-04,2020-12-12,"GM","Germany",554867.232666985,"point",NA,"10 wk ahead cum case"
2020-10-04,2020-12-19,"GM","Germany",581602.143513349,"point",NA,"11 wk ahead cum case"
2020-10-04,2020-12-26,"GM","Germany",606923.58188742,"point",NA,"12 wk ahead cum case"
2020-10-04,2021-01-02,"GM","Germany",630636.72421653,"point",NA,"13 wk ahead cum case"
2020-10-04,2021-01-09,"GM","Germany",652620.959743185,"point",NA,"14 wk ahead cum case"
2020-10-04,2020-10-10,"GM","Germany",313062.826612945,"quantile",0.025,"1 wk ahead cum case"
2020-10-04,2020-10-17,"GM","Germany",322764.393208964,"quantile",0.025,"2 wk ahead cum case"
2020-10-04,2020-10-24,"GM","Germany",330133.893197669,"quantile",0.025,"3 wk ahead cum case"
2020-10-04,2020-10-31,"GM","Germany",336397.210925312,"quantile",0.025,"4 wk ahead cum case"
2020-10-04,2020-11-07,"GM","Germany",342162.137800147,"quantile",0.025,"5 wk ahead cum case"
2020-10-04,2020-11-14,"GM","Germany",347728.600522284,"quantile",0.025,"6 wk ahead cum case"
2020-10-04,2020-11-21,"GM","Germany",353238.528662069,"quantile",0.025,"7 wk ahead cum case"
2020-10-04,2020-11-28,"GM","Germany",358761.367283063,"quantile",0.025,"8 wk ahead cum case"
2020-10-04,2020-12-05,"GM","Germany",364326.979088509,"quantile",0.025,"9 wk ahead cum case"
2020-10-04,2020-12-12,"GM","Germany",369947.832774587,"quantile",0.025,"10 wk ahead cum case"
2020-10-04,2020-12-19,"GM","Germany",375627.401422092,"quantile",0.025,"11 wk ahead cum case"
2020-10-04,2020-12-26,"GM","Germany",381363.018171871,"quantile",0.025,"12 wk ahead cum case"
2020-10-04,2021-01-02,"GM","Germany",387150.873112548,"quantile",0.025,"13 wk ahead cum case"
2020-10-04,2021-01-09,"GM","Germany",392985.34317958,"quantile",0.025,"14 wk ahead cum case"
2020-10-04,2020-10-10,"GM","Germany",327543.26511671,"quantile",0.975,"1 wk ahead cum case"
2020-10-04,2020-10-17,"GM","Germany",381733.643375953,"quantile",0.975,"2 wk ahead cum case"
2020-10-04,2020-10-24,"GM","Germany",444606.807568707,"quantile",0.975,"3 wk ahead cum case"
2020-10-04,2020-10-31,"GM","Germany",507512.678636704,"quantile",0.975,"4 wk ahead cum case"
2020-10-04,2020-11-07,"GM","Germany",566416.710250875,"quantile",0.975,"5 wk ahead cum case"
2020-10-04,2020-11-14,"GM","Germany",619671.267567213,"quantile",0.975,"6 wk ahead cum case"
2020-10-04,2020-11-21,"GM","Germany",666841.431086951,"quantile",0.975,"7 wk ahead cum case"
2020-10-04,2020-11-28,"GM","Germany",708105.494670823,"quantile",0.975,"8 wk ahead cum case"
2020-10-04,2020-12-05,"GM","Germany",743921.991182707,"quantile",0.975,"9 wk ahead cum case"
2020-10-04,2020-12-12,"GM","Germany",774857.0584167,"quantile",0.975,"10 wk ahead cum case"
2020-10-04,2020-12-19,"GM","Germany",801506.701814552,"quantile",0.975,"11 wk ahead cum case"
2020-10-04,2020-12-26,"GM","Germany",824428.010941043,"quantile",0.975,"12 wk ahead cum case"
2020-10-04,2021-01-02,"GM","Germany",844136.486643732,"quantile",0.975,"13 wk ahead cum case"
2020-10-04,2021-01-09,"GM","Germany",861099.08782471,"quantile",0.975,"14 wk ahead cum case"
2020-10-04,2020-10-10,"GM","Germany",16120.8256715815,"point",NA,"1 wk ahead inc case"
2020-10-04,2020-10-17,"GM","Germany",20550.5131085312,"point",NA,"2 wk ahead inc case"
2020-10-04,2020-10-24,"GM","Germany",23275.0635878069,"point",NA,"3 wk ahead inc case"
2020-10-04,2020-10-31,"GM","Germany",25412.6234941432,"point",NA,"4 wk ahead inc case"
2020-10-04,2020-11-07,"GM","Germany",27044.7069905762,"point",NA,"5 wk ahead inc case"
2020-10-04,2020-11-14,"GM","Germany",28181.7945900998,"point",NA,"6 wk ahead inc case"
2020-10-04,2020-11-21,"GM","Germany",28822.2017815027,"point",NA,"7 wk ahead inc case"
2020-10-04,2020-11-28,"GM","Germany",28959.9579275394,"point",NA,"8 wk ahead inc case"
2020-10-04,2020-12-05,"GM","Germany",28617.4687187634,"point",NA,"9 wk ahead inc case"
2020-10-04,2020-12-12,"GM","Germany",27855.0767964411,"point",NA,"10 wk ahead inc case"
2020-10-04,2020-12-19,"GM","Germany",26734.9108463636,"point",NA,"11 wk ahead inc case"
2020-10-04,2020-12-26,"GM","Germany",25321.4383740711,"point",NA,"12 wk ahead inc case"
2020-10-04,2021-01-02,"GM","Germany",23713.1423291095,"point",NA,"13 wk ahead inc case"
2020-10-04,2021-01-09,"GM","Germany",21984.235526655,"point",NA,"14 wk ahead inc case"
2020-10-04,2020-10-04,"GM","Germany",301573,"point",NA,"0 day ahead cum case"
2020-10-04,2020-10-05,"GM","Germany",303749.285714286,"point",NA,"1 day ahead cum case"
2020-10-04,2020-10-06,"GM","Germany",306034.751737934,"point",NA,"2 day ahead cum case"
2020-10-04,2020-10-07,"GM","Germany",308423.986894999,"point",NA,"3 day ahead cum case"
2020-10-04,2020-10-08,"GM","Germany",310910.625111078,"point",NA,"4 day ahead cum case"
2020-10-04,2020-10-09,"GM","Germany",313487.547920485,"point",NA,"5 day ahead cum case"
2020-10-04,2020-10-10,"GM","Germany",316147.825671581,"point",NA,"6 day ahead cum case"
2020-10-04,2020-10-11,"GM","Germany",318885.276657339,"point",NA,"7 day ahead cum case"
2020-10-04,2020-10-12,"GM","Germany",321694.718816749,"point",NA,"8 day ahead cum case"
2020-10-04,2020-10-13,"GM","Germany",324571.950631705,"point",NA,"9 day ahead cum case"
2020-10-04,2020-10-14,"GM","Germany",327513.570966237,"point",NA,"10 day ahead cum case"
2020-10-04,2020-10-15,"GM","Germany",330516.756450024,"point",NA,"11 day ahead cum case"
2020-10-04,2020-10-16,"GM","Germany",333579.071884517,"point",NA,"12 day ahead cum case"
2020-10-04,2020-10-17,"GM","Germany",336698.338780113,"point",NA,"13 day ahead cum case"
2020-10-04,2020-10-18,"GM","Germany",339872.555322612,"point",NA,"14 day ahead cum case"
2020-10-04,2020-10-19,"GM","Germany",343099.850513836,"point",NA,"15 day ahead cum case"
2020-10-04,2020-10-20,"GM","Germany",346378.457197727,"point",NA,"16 day ahead cum case"
2020-10-04,2020-10-21,"GM","Germany",349706.694325889,"point",NA,"17 day ahead cum case"
2020-10-04,2020-10-22,"GM","Germany",353082.953548366,"point",NA,"18 day ahead cum case"
2020-10-04,2020-10-23,"GM","Germany",356505.687989571,"point",NA,"19 day ahead cum case"
2020-10-04,2020-10-24,"GM","Germany",359973.40236792,"point",NA,"20 day ahead cum case"
2020-10-04,2020-10-25,"GM","Germany",363484.644129608,"point",NA,"21 day ahead cum case"
2020-10-04,2020-10-26,"GM","Germany",367037.995443738,"point",NA,"22 day ahead cum case"
2020-10-04,2020-10-27,"GM","Germany",370632.065962951,"point",NA,"23 day ahead cum case"
2020-10-04,2020-10-28,"GM","Germany",374265.4533543,"point",NA,"24 day ahead cum case"
2020-10-04,2020-10-29,"GM","Germany",377936.589180129,"point",NA,"25 day ahead cum case"
2020-10-04,2020-10-30,"GM","Germany",381643.944841334,"point",NA,"26 day ahead cum case"
2020-10-04,2020-10-31,"GM","Germany",385386.025862063,"point",NA,"27 day ahead cum case"
2020-10-04,2020-11-01,"GM","Germany",389161.358202678,"point",NA,"28 day ahead cum case"
2020-10-04,2020-11-02,"GM","Germany",392968.484287232,"point",NA,"29 day ahead cum case"
2020-10-04,2020-11-03,"GM","Germany",396805.959408979,"point",NA,"30 day ahead cum case"
2020-10-04,2020-11-04,"GM","Germany",400672.348477951,"point",NA,"31 day ahead cum case"
2020-10-04,2020-11-05,"GM","Germany",404566.223078037,"point",NA,"32 day ahead cum case"
2020-10-04,2020-11-06,"GM","Germany",408486.158804124,"point",NA,"33 day ahead cum case"
2020-10-04,2020-11-07,"GM","Germany",412430.732852639,"point",NA,"34 day ahead cum case"
2020-10-04,2020-11-08,"GM","Germany",416398.521841382,"point",NA,"35 day ahead cum case"
2020-10-04,2020-11-09,"GM","Germany",420388.099836829,"point",NA,"36 day ahead cum case"
2020-10-04,2020-11-10,"GM","Germany",424398.036569165,"point",NA,"37 day ahead cum case"
2020-10-04,2020-11-11,"GM","Germany",428426.895817174,"point",NA,"38 day ahead cum case"
2020-10-04,2020-11-12,"GM","Germany",432473.233946829,"point",NA,"39 day ahead cum case"
2020-10-04,2020-11-13,"GM","Germany",436535.598588958,"point",NA,"40 day ahead cum case"
2020-10-04,2020-11-14,"GM","Germany",440612.527442739,"point",NA,"41 day ahead cum case"
2020-10-04,2020-11-15,"GM","Germany",444702.547193062,"point",NA,"42 day ahead cum case"
2020-10-04,2020-11-16,"GM","Germany",448804.172530919,"point",NA,"43 day ahead cum case"
2020-10-04,2020-11-17,"GM","Germany",452915.905267013,"point",NA,"44 day ahead cum case"
2020-10-04,2020-11-18,"GM","Germany",457036.233529717,"point",NA,"45 day ahead cum case"
2020-10-04,2020-11-19,"GM","Germany",461163.720247533,"point",NA,"46 day ahead cum case"
2020-10-04,2020-11-20,"GM","Germany",465297.065486507,"point",NA,"47 day ahead cum case"
2020-10-04,2020-11-21,"GM","Germany",469434.729224242,"point",NA,"48 day ahead cum case"
2020-10-04,2020-11-22,"GM","Germany",473575.184774011,"point",NA,"49 day ahead cum case"
2020-10-04,2020-11-23,"GM","Germany",477716.934715485,"point",NA,"50 day ahead cum case"
2020-10-04,2020-11-24,"GM","Germany",481858.51045456,"point",NA,"51 day ahead cum case"
2020-10-04,2020-11-25,"GM","Germany",485998.47182508,"point",NA,"52 day ahead cum case"
2020-10-04,2020-11-26,"GM","Germany",490135.406728456,"point",NA,"53 day ahead cum case"
2020-10-04,2020-11-27,"GM","Germany",494267.930807581,"point",NA,"54 day ahead cum case"
2020-10-04,2020-11-28,"GM","Germany",498394.687151781,"point",NA,"55 day ahead cum case"
2020-10-04,2020-11-29,"GM","Germany",502514.346029832,"point",NA,"56 day ahead cum case"
2020-10-04,2020-11-30,"GM","Germany",506625.604648398,"point",NA,"57 day ahead cum case"
2020-10-04,2020-12-01,"GM","Germany",510727.186933445,"point",NA,"58 day ahead cum case"
2020-10-04,2020-12-02,"GM","Germany",514817.843332463,"point",NA,"59 day ahead cum case"
2020-10-04,2020-12-03,"GM","Germany",518896.350635506,"point",NA,"60 day ahead cum case"
2020-10-04,2020-12-04,"GM","Germany",522961.511813264,"point",NA,"61 day ahead cum case"
2020-10-04,2020-12-05,"GM","Germany",527012.155870544,"point",NA,"62 day ahead cum case"
2020-10-04,2020-12-06,"GM","Germany",531047.137713694,"point",NA,"63 day ahead cum case"
2020-10-04,2020-12-07,"GM","Germany",535065.33803064,"point",NA,"64 day ahead cum case"
2020-10-04,2020-12-08,"GM","Germany",539065.663182347,"point",NA,"65 day ahead cum case"
2020-10-04,2020-12-09,"GM","Germany",543047.045104601,"point",NA,"66 day ahead cum case"
2020-10-04,2020-12-10,"GM","Germany",547008.441219141,"point",NA,"67 day ahead cum case"
2020-10-04,2020-12-11,"GM","Germany",550948.834353248,"point",NA,"68 day ahead cum case"
2020-10-04,2020-12-12,"GM","Germany",554867.232666985,"point",NA,"69 day ahead cum case"
2020-10-04,2020-12-13,"GM","Germany",558762.669587365,"point",NA,"70 day ahead cum case"
2020-10-04,2020-12-14,"GM","Germany",562634.203748773,"point",NA,"71 day ahead cum case"
2020-10-04,2020-12-15,"GM","Germany",566480.918939074,"point",NA,"72 day ahead cum case"
2020-10-04,2020-12-16,"GM","Germany",570301.924050835,"point",NA,"73 day ahead cum case"
2020-10-04,2020-12-17,"GM","Germany",574096.353037195,"point",NA,"74 day ahead cum case"
2020-10-04,2020-12-18,"GM","Germany",577863.364871936,"point",NA,"75 day ahead cum case"
2020-10-04,2020-12-19,"GM","Germany",581602.143513349,"point",NA,"76 day ahead cum case"
2020-10-04,2020-12-20,"GM","Germany",585311.897871544,"point",NA,"77 day ahead cum case"
2020-10-04,2020-12-21,"GM","Germany",588991.861778867,"point",NA,"78 day ahead cum case"
2020-10-04,2020-12-22,"GM","Germany",592641.293963131,"point",NA,"79 day ahead cum case"
2020-10-04,2020-12-23,"GM","Germany",596259.532808178,"point",NA,"80 day ahead cum case"
2020-10-04,2020-12-24,"GM","Germany",599846.308400104,"point",NA,"81 day ahead cum case"
2020-10-04,2020-12-25,"GM","Germany",603401.157527318,"point",NA,"82 day ahead cum case"
2020-10-04,2020-12-26,"GM","Germany",606923.58188742,"point",NA,"83 day ahead cum case"
2020-10-04,2020-12-27,"GM","Germany",610413.111397595,"point",NA,"84 day ahead cum case"
2020-10-04,2020-12-28,"GM","Germany",613869.304179923,"point",NA,"85 day ahead cum case"
2020-10-04,2020-12-29,"GM","Germany",617291.746548087,"point",NA,"86 day ahead cum case"
2020-10-04,2020-12-30,"GM","Germany",620680.052995345,"point",NA,"87 day ahead cum case"
2020-10-04,2020-12-31,"GM","Germany",624033.86618365,"point",NA,"88 day ahead cum case"
2020-10-04,2021-01-01,"GM","Germany",627352.8569338,"point",NA,"89 day ahead cum case"
2020-10-04,2021-01-02,"GM","Germany",630636.72421653,"point",NA,"90 day ahead cum case"
2020-10-04,2021-01-03,"GM","Germany",633885.19514445,"point",NA,"91 day ahead cum case"
2020-10-04,2021-01-04,"GM","Germany",637098.02496475,"point",NA,"92 day ahead cum case"
2020-10-04,2021-01-05,"GM","Germany",640274.9970526,"point",NA,"93 day ahead cum case"
2020-10-04,2021-01-06,"GM","Germany",643415.922905175,"point",NA,"94 day ahead cum case"
2020-10-04,2021-01-07,"GM","Germany",646520.642136255,"point",NA,"95 day ahead cum case"
2020-10-04,2021-01-08,"GM","Germany",649589.022471332,"point",NA,"96 day ahead cum case"
2020-10-04,2021-01-09,"GM","Germany",652620.959743185,"point",NA,"97 day ahead cum case"
2020-10-04,2021-01-10,"GM","Germany",655616.37788788,"point",NA,"98 day ahead cum case"
2020-10-04,2021-01-11,"GM","Germany",658575.228941146,"point",NA,"99 day ahead cum case"
2020-10-04,2020-10-04,"GM","Germany",301573,"quantile",0.025,"0 day ahead cum case"
2020-10-04,2020-10-05,"GM","Germany",303749.285714286,"quantile",0.025,"1 day ahead cum case"
2020-10-04,2020-10-06,"GM","Germany",305807.400766482,"quantile",0.025,"2 day ahead cum case"
2020-10-04,2020-10-07,"GM","Germany",307760.742726486,"quantile",0.025,"3 day ahead cum case"
2020-10-04,2020-10-08,"GM","Germany",309617.774353522,"quantile",0.025,"4 day ahead cum case"
2020-10-04,2020-10-09,"GM","Germany",311383.875180776,"quantile",0.025,"5 day ahead cum case"
2020-10-04,2020-10-10,"GM","Germany",313062.826612945,"quantile",0.025,"6 day ahead cum case"
2020-10-04,2020-10-11,"GM","Germany",314658.314382496,"quantile",0.025,"7 day ahead cum case"
2020-10-04,2020-10-12,"GM","Germany",316174.722804051,"quantile",0.025,"8 day ahead cum case"
2020-10-04,2020-10-13,"GM","Germany",317617.26134138,"quantile",0.025,"9 day ahead cum case"
2020-10-04,2020-10-14,"GM","Germany",318991.688453396,"quantile",0.025,"10 day ahead cum case"
2020-10-04,2020-10-15,"GM","Germany",320303.918761249,"quantile",0.025,"11 day ahead cum case"
2020-10-04,2020-10-16,"GM","Germany",321559.695992898,"quantile",0.025,"12 day ahead cum case"
2020-10-04,2020-10-17,"GM","Germany",322764.393208964,"quantile",0.025,"13 day ahead cum case"
2020-10-04,2020-10-18,"GM","Germany",323922.925391343,"quantile",0.025,"14 day ahead cum case"
2020-10-04,2020-10-19,"GM","Germany",325039.734052582,"quantile",0.025,"15 day ahead cum case"
2020-10-04,2020-10-20,"GM","Germany",326118.965147549,"quantile",0.025,"16 day ahead cum case"
2020-10-04,2020-10-21,"GM","Germany",327164.667868414,"quantile",0.025,"17 day ahead cum case"
2020-10-04,2020-10-22,"GM","Germany",328180.346109981,"quantile",0.025,"18 day ahead cum case"
2020-10-04,2020-10-23,"GM","Germany",329169.145487236,"quantile",0.025,"19 day ahead cum case"
2020-10-04,2020-10-24,"GM","Germany",330133.893197669,"quantile",0.025,"20 day ahead cum case"
2020-10-04,2020-10-25,"GM","Germany",331077.128676894,"quantile",0.025,"21 day ahead cum case"
2020-10-04,2020-10-26,"GM","Germany",332001.131379236,"quantile",0.025,"22 day ahead cum case"
2020-10-04,2020-10-27,"GM","Germany",332907.94592362,"quantile",0.025,"23 day ahead cum case"
2020-10-04,2020-10-28,"GM","Germany",333799.404848217,"quantile",0.025,"24 day ahead cum case"
2020-10-04,2020-10-29,"GM","Germany",334677.149199985,"quantile",0.025,"25 day ahead cum case"
2020-10-04,2020-10-30,"GM","Germany",335542.647164904,"quantile",0.025,"26 day ahead cum case"
2020-10-04,2020-10-31,"GM","Germany",336397.210925312,"quantile",0.025,"27 day ahead cum case"
2020-10-04,2020-11-01,"GM","Germany",337242.011913057,"quantile",0.025,"28 day ahead cum case"
2020-10-04,2020-11-02,"GM","Germany",338078.129623391,"quantile",0.025,"29 day ahead cum case"
2020-10-04,2020-11-03,"GM","Germany",338906.649066531,"quantile",0.025,"30 day ahead cum case"
2020-10-04,2020-11-04,"GM","Germany",339728.512016816,"quantile",0.025,"31 day ahead cum case"
2020-10-04,2020-11-05,"GM","Germany",340544.558953053,"quantile",0.025,"32 day ahead cum case"
2020-10-04,2020-11-06,"GM","Germany",341355.542900134,"quantile",0.025,"33 day ahead cum case"
2020-10-04,2020-11-07,"GM","Germany",342162.137800147,"quantile",0.025,"34 day ahead cum case"
2020-10-04,2020-11-08,"GM","Germany",342964.946086866,"quantile",0.025,"35 day ahead cum case"
2020-10-04,2020-11-09,"GM","Germany",343764.505539429,"quantile",0.025,"36 day ahead cum case"
2020-10-04,2020-11-10,"GM","Germany",344561.295483811,"quantile",0.025,"37 day ahead cum case"
2020-10-04,2020-11-11,"GM","Germany",345355.742404146,"quantile",0.025,"38 day ahead cum case"
2020-10-04,2020-11-12,"GM","Germany",346148.225020052,"quantile",0.025,"39 day ahead cum case"
2020-10-04,2020-11-13,"GM","Germany",346939.078880802,"quantile",0.025,"40 day ahead cum case"
2020-10-04,2020-11-14,"GM","Germany",347728.600522284,"quantile",0.025,"41 day ahead cum case"
2020-10-04,2020-11-15,"GM","Germany",348517.051228387,"quantile",0.025,"42 day ahead cum case"
2020-10-04,2020-11-16,"GM","Germany",349304.678100489,"quantile",0.025,"43 day ahead cum case"
2020-10-04,2020-11-17,"GM","Germany",350091.745005981,"quantile",0.025,"44 day ahead cum case"
2020-10-04,2020-11-18,"GM","Germany",350878.475961057,"quantile",0.025,"45 day ahead cum case"
2020-10-04,2020-11-19,"GM","Germany",351665.069514089,"quantile",0.025,"46 day ahead cum case"
2020-10-04,2020-11-20,"GM","Germany",352451.701811502,"quantile",0.025,"47 day ahead cum case"
2020-10-04,2020-11-21,"GM","Germany",353238.528662069,"quantile",0.025,"48 day ahead cum case"
2020-10-04,2020-11-22,"GM","Germany",354025.687404751,"quantile",0.025,"49 day ahead cum case"
2020-10-04,2020-11-23,"GM","Germany",354813.298598798,"quantile",0.025,"50 day ahead cum case"
2020-10-04,2020-11-24,"GM","Germany",355601.467553014,"quantile",0.025,"51 day ahead cum case"
2020-10-04,2020-11-25,"GM","Germany",356390.285709485,"quantile",0.025,"52 day ahead cum case"
2020-10-04,2020-11-26,"GM","Germany",357179.831895643,"quantile",0.025,"53 day ahead cum case"
2020-10-04,2020-11-27,"GM","Germany",357970.173457162,"quantile",0.025,"54 day ahead cum case"
2020-10-04,2020-11-28,"GM","Germany",358761.367283063,"quantile",0.025,"55 day ahead cum case"
2020-10-04,2020-11-29,"GM","Germany",359553.460733253,"quantile",0.025,"56 day ahead cum case"
2020-10-04,2020-11-30,"GM","Germany",360346.492477806,"quantile",0.025,"57 day ahead cum case"
2020-10-04,2020-12-01,"GM","Germany",361140.493256371,"quantile",0.025,"58 day ahead cum case"
2020-10-04,2020-12-02,"GM","Germany",361935.497281389,"quantile",0.025,"59 day ahead cum case"
2020-10-04,2020-12-03,"GM","Germany",362731.556564939,"quantile",0.025,"60 day ahead cum case"
2020-10-04,2020-12-04,"GM","Germany",363528.707155338,"quantile",0.025,"61 day ahead cum case"
2020-10-04,2020-12-05,"GM","Germany",364326.979088509,"quantile",0.025,"62 day ahead cum case"
2020-10-04,2020-12-06,"GM","Germany",365126.397316583,"quantile",0.025,"63 day ahead cum case"
2020-10-04,2020-12-07,"GM","Germany",365926.982124672,"quantile",0.025,"64 day ahead cum case"
2020-10-04,2020-12-08,"GM","Germany",366728.749507981,"quantile",0.025,"65 day ahead cum case"
2020-10-04,2020-12-09,"GM","Germany",367531.711513034,"quantile",0.025,"66 day ahead cum case"
2020-10-04,2020-12-10,"GM","Germany",368335.876546425,"quantile",0.025,"67 day ahead cum case"
2020-10-04,2020-12-11,"GM","Germany",369141.249654188,"quantile",0.025,"68 day ahead cum case"
2020-10-04,2020-12-12,"GM","Germany",369947.832774587,"quantile",0.025,"69 day ahead cum case"
2020-10-04,2020-12-13,"GM","Germany",370755.624966842,"quantile",0.025,"70 day ahead cum case"
2020-10-04,2020-12-14,"GM","Germany",371564.622618093,"quantile",0.025,"71 day ahead cum case"
2020-10-04,2020-12-15,"GM","Germany",372374.81963067,"quantile",0.025,"72 day ahead cum case"
2020-10-04,2020-12-16,"GM","Germany",373186.207591538,"quantile",0.025,"73 day ahead cum case"
2020-10-04,2020-12-17,"GM","Germany",373998.77592562,"quantile",0.025,"74 day ahead cum case"
2020-10-04,2020-12-18,"GM","Germany",374812.512034527,"quantile",0.025,"75 day ahead cum case"
2020-10-04,2020-12-19,"GM","Germany",375627.401422092,"quantile",0.025,"76 day ahead cum case"
2020-10-04,2020-12-20,"GM","Germany",376443.427807949,"quantile",0.025,"77 day ahead cum case"
2020-10-04,2020-12-21,"GM","Germany",377260.576396729,"quantile",0.025,"78 day ahead cum case"
2020-10-04,2020-12-22,"GM","Germany",378078.850353823,"quantile",0.025,"79 day ahead cum case"
2020-10-04,2020-12-23,"GM","Germany",378898.242653584,"quantile",0.025,"80 day ahead cum case"
2020-10-04,2020-12-24,"GM","Germany",379718.742656092,"quantile",0.025,"81 day ahead cum case"
2020-10-04,2020-12-25,"GM","Germany",380540.338701401,"quantile",0.025,"82 day ahead cum case"
2020-10-04,2020-12-26,"GM","Germany",381363.018171871,"quantile",0.025,"83 day ahead cum case"
2020-10-04,2020-12-27,"GM","Germany",382186.767548577,"quantile",0.025,"84 day ahead cum case"
2020-10-04,2020-12-28,"GM","Germany",383011.572462344,"quantile",0.025,"85 day ahead cum case"
2020-10-04,2020-12-29,"GM","Germany",383837.417739922,"quantile",0.025,"86 day ahead cum case"
2020-10-04,2020-12-30,"GM","Germany",384664.28744578,"quantile",0.025,"87 day ahead cum case"
2020-10-04,2020-12-31,"GM","Germany",385492.164919907,"quantile",0.025,"88 day ahead cum case"
2020-10-04,2021-01-01,"GM","Germany",386321.032812025,"quantile",0.025,"89 day ahead cum case"
2020-10-04,2021-01-02,"GM","Germany",387150.873112548,"quantile",0.025,"90 day ahead cum case"
2020-10-04,2021-01-03,"GM","Germany",387981.667180585,"quantile",0.025,"91 day ahead cum case"
2020-10-04,2021-01-04,"GM","Germany",388813.39576929,"quantile",0.025,"92 day ahead cum case"
2020-10-04,2021-01-05,"GM","Germany",389646.039048789,"quantile",0.025,"93 day ahead cum case"
2020-10-04,2021-01-06,"GM","Germany",390479.576626935,"quantile",0.025,"94 day ahead cum case"
2020-10-04,2021-01-07,"GM","Germany",391313.987568079,"quantile",0.025,"95 day ahead cum case"
2020-10-04,2021-01-08,"GM","Germany",392149.250410061,"quantile",0.025,"96 day ahead cum case"
2020-10-04,2021-01-09,"GM","Germany",392985.34317958,"quantile",0.025,"97 day ahead cum case"
2020-10-04,2021-01-10,"GM","Germany",393822.243406106,"quantile",0.025,"98 day ahead cum case"
2020-10-04,2021-01-11,"GM","Germany",394659.928134463,"quantile",0.025,"99 day ahead cum case"
2020-10-04,2020-10-04,"GM","Germany",301573,"quantile",0.975,"0 day ahead cum case"
2020-10-04,2020-10-05,"GM","Germany",303749.285714286,"quantile",0.975,"1 day ahead cum case"
2020-10-04,2020-10-06,"GM","Germany",306925.069133864,"quantile",0.975,"2 day ahead cum case"
2020-10-04,2020-10-07,"GM","Germany",310992.262294565,"quantile",0.975,"3 day ahead cum case"
2020-10-04,2020-10-08,"GM","Germany",315847.643496486,"quantile",0.975,"4 day ahead cum case"
2020-10-04,2020-10-09,"GM","Germany",321394.338539393,"quantile",0.975,"5 day ahead cum case"
2020-10-04,2020-10-10,"GM","Germany",327543.26511671,"quantile",0.975,"6 day ahead cum case"
2020-10-04,2020-10-11,"GM","Germany",334214.138964555,"quantile",0.975,"7 day ahead cum case"
2020-10-04,2020-10-12,"GM","Germany",341335.654159787,"quantile",0.975,"8 day ahead cum case"
2020-10-04,2020-10-13,"GM","Germany",348844.883218861,"quantile",0.975,"9 day ahead cum case"
2020-10-04,2020-10-14,"GM","Germany",356686.232566435,"quantile",0.975,"10 day ahead cum case"
2020-10-04,2020-10-15,"GM","Germany",364810.305015603,"quantile",0.975,"11 day ahead cum case"
2020-10-04,2020-10-16,"GM","Germany",373172.736282893,"quantile",0.975,"12 day ahead cum case"
2020-10-04,2020-10-17,"GM","Germany",381733.643375953,"quantile",0.975,"13 day ahead cum case"
2020-10-04,2020-10-18,"GM","Germany",390457.120847424,"quantile",0.975,"14 day ahead cum case"
2020-10-04,2020-10-19,"GM","Germany",399310.802213792,"quantile",0.975,"15 day ahead cum case"
2020-10-04,2020-10-20,"GM","Germany",408265.50799763,"quantile",0.975,"16 day ahead cum case"
2020-10-04,2020-10-21,"GM","Germany",417294.947888474,"quantile",0.975,"17 day ahead cum case"
2020-10-04,2020-10-22,"GM","Germany",426375.459399819,"quantile",0.975,"18 day ahead cum case"
2020-10-04,2020-10-23,"GM","Germany",435485.774206304,"quantile",0.975,"19 day ahead cum case"
2020-10-04,2020-10-24,"GM","Germany",444606.807568707,"quantile",0.975,"20 day ahead cum case"
2020-10-04,2020-10-25,"GM","Germany",453721.468026273,"quantile",0.975,"21 day ahead cum case"
2020-10-04,2020-10-26,"GM","Germany",462814.289741732,"quantile",0.975,"22 day ahead cum case"
2020-10-04,2020-10-27,"GM","Germany",471871.265174788,"quantile",0.975,"23 day ahead cum case"
2020-10-04,2020-10-28,"GM","Germany",480880.02740374,"quantile",0.975,"24 day ahead cum case"
2020-10-04,2020-10-29,"GM","Germany",489829.542754516,"quantile",0.975,"25 day ahead cum case"
2020-10-04,2020-10-30,"GM","Germany",498709.994535396,"quantile",0.975,"26 day ahead cum case"
2020-10-04,2020-10-31,"GM","Germany",507512.678636704,"quantile",0.975,"27 day ahead cum case"
2020-10-04,2020-11-01,"GM","Germany",516229.909065503,"quantile",0.975,"28 day ahead cum case"
2020-10-04,2020-11-02,"GM","Germany",524854.932469854,"quantile",0.975,"29 day ahead cum case"
2020-10-04,2020-11-03,"GM","Germany",533381.850797167,"quantile",0.975,"30 day ahead cum case"
2020-10-04,2020-11-04,"GM","Germany",541805.551312585,"quantile",0.975,"31 day ahead cum case"
2020-10-04,2020-11-05,"GM","Germany",550121.643276993,"quantile",0.975,"32 day ahead cum case"
2020-10-04,2020-11-06,"GM","Germany",558326.400650919,"quantile",0.975,"33 day ahead cum case"
2020-10-04,2020-11-07,"GM","Germany",566416.710250875,"quantile",0.975,"34 day ahead cum case"
2020-10-04,2020-11-08,"GM","Germany",574389.993626432,"quantile",0.975,"35 day ahead cum case"
2020-10-04,2020-11-09,"GM","Germany",582243.842934656,"quantile",0.975,"36 day ahead cum case"
2020-10-04,2020-11-10,"GM","Germany",589976.428513541,"quantile",0.975,"37 day ahead cum case"
2020-10-04,2020-11-11,"GM","Germany",597586.365316573,"quantile",0.975,"38 day ahead cum case"
2020-10-04,2020-11-12,"GM","Germany",605072.601828479,"quantile",0.975,"39 day ahead cum case"
2020-10-04,2020-11-13,"GM","Germany",612434.391612824,"quantile",0.975,"40 day ahead cum case"
2020-10-04,2020-11-14,"GM","Germany",619671.267567213,"quantile",0.975,"41 day ahead cum case"
2020-10-04,2020-11-15,"GM","Germany",626783.018628432,"quantile",0.975,"42 day ahead cum case"
2020-10-04,2020-11-16,"GM","Germany",633769.668694392,"quantile",0.975,"43 day ahead cum case"
2020-10-04,2020-11-17,"GM","Germany",640631.457551911,"quantile",0.975,"44 day ahead cum case"
2020-10-04,2020-11-18,"GM","Germany",647368.82361946,"quantile",0.975,"45 day ahead cum case"
2020-10-04,2020-11-19,"GM","Germany",653982.388332155,"quantile",0.975,"46 day ahead cum case"
2020-10-04,2020-11-20,"GM","Germany",660472.942012711,"quantile",0.975,"47 day ahead cum case"
2020-10-04,2020-11-21,"GM","Germany",666841.431086951,"quantile",0.975,"48 day ahead cum case"
2020-10-04,2020-11-22,"GM","Germany",673088.946515927,"quantile",0.975,"49 day ahead cum case"
2020-10-04,2020-11-23,"GM","Germany",679216.713328861,"quantile",0.975,"50 day ahead cum case"
2020-10-04,2020-11-24,"GM","Germany",685226.061758566,"quantile",0.975,"51 day ahead cum case"
2020-10-04,2020-11-25,"GM","Germany",691118.215811787,"quantile",0.975,"52 day ahead cum case"
2020-10-04,2020-11-26,"GM","Germany",696894.530376264,"quantile",0.975,"53 day ahead cum case"
2020-10-04,2020-11-27,"GM","Germany",702556.456425187,"quantile",0.975,"54 day ahead cum case"
2020-10-04,2020-11-28,"GM","Germany",708105.494670823,"quantile",0.975,"55 day ahead cum case"
2020-10-04,2020-11-29,"GM","Germany",713543.189820077,"quantile",0.975,"56 day ahead cum case"
2020-10-04,2020-11-30,"GM","Germany",718871.125376704,"quantile",0.975,"57 day ahead cum case"
2020-10-04,2020-12-01,"GM","Germany",724090.918938161,"quantile",0.975,"58 day ahead cum case"
2020-10-04,2020-12-02,"GM","Germany",729204.217940019,"quantile",0.975,"59 day ahead cum case"
2020-10-04,2020-12-03,"GM","Germany",734212.69580535,"quantile",0.975,"60 day ahead cum case"
2020-10-04,2020-12-04,"GM","Germany",739118.048460547,"quantile",0.975,"61 day ahead cum case"
2020-10-04,2020-12-05,"GM","Germany",743921.991182707,"quantile",0.975,"62 day ahead cum case"
2020-10-04,2020-12-06,"GM","Germany",748626.255747027,"quantile",0.975,"63 day ahead cum case"
2020-10-04,2020-12-07,"GM","Germany",753232.587845661,"quantile",0.975,"64 day ahead cum case"
2020-10-04,2020-12-08,"GM","Germany",757742.744752202,"quantile",0.975,"65 day ahead cum case"
2020-10-04,2020-12-09,"GM","Germany",762158.493208423,"quantile",0.975,"66 day ahead cum case"
2020-10-04,2020-12-10,"GM","Germany",766481.607512118,"quantile",0.975,"67 day ahead cum case"
2020-10-04,2020-12-11,"GM","Germany",770713.867786908,"quantile",0.975,"68 day ahead cum case"
2020-10-04,2020-12-12,"GM","Germany",774857.0584167,"quantile",0.975,"69 day ahead cum case"
2020-10-04,2020-12-13,"GM","Germany",778912.955541225,"quantile",0.975,"70 day ahead cum case"
2020-10-04,2020-12-14,"GM","Germany",782883.221771696,"quantile",0.975,"71 day ahead cum case"
2020-10-04,2020-12-15,"GM","Germany",786769.482783352,"quantile",0.975,"72 day ahead cum case"
2020-10-04,2020-12-16,"GM","Germany",790573.359092189,"quantile",0.975,"73 day ahead cum case"
2020-10-04,2020-12-17,"GM","Germany",794296.459342614,"quantile",0.975,"74 day ahead cum case"
2020-10-04,2020-12-18,"GM","Germany",797940.379448259,"quantile",0.975,"75 day ahead cum case"
2020-10-04,2020-12-19,"GM","Germany",801506.701814552,"quantile",0.975,"76 day ahead cum case"
2020-10-04,2020-12-20,"GM","Germany",804996.994635276,"quantile",0.975,"77 day ahead cum case"
2020-10-04,2020-12-21,"GM","Germany",808412.811256068,"quantile",0.975,"78 day ahead cum case"
2020-10-04,2020-12-22,"GM","Germany",811755.689598482,"quantile",0.975,"79 day ahead cum case"
2020-10-04,2020-12-23,"GM","Germany",815027.151638873,"quantile",0.975,"80 day ahead cum case"
2020-10-04,2020-12-24,"GM","Germany",818228.702936857,"quantile",0.975,"81 day ahead cum case"
2020-10-04,2020-12-25,"GM","Germany",821361.832208658,"quantile",0.975,"82 day ahead cum case"
2020-10-04,2020-12-26,"GM","Germany",824428.010941043,"quantile",0.975,"83 day ahead cum case"
2020-10-04,2020-12-27,"GM","Germany",827428.693042009,"quantile",0.975,"84 day ahead cum case"
2020-10-04,2020-12-28,"GM","Germany",830365.314524698,"quantile",0.975,"85 day ahead cum case"
2020-10-04,2020-12-29,"GM","Germany",833239.293221405,"quantile",0.975,"86 day ahead cum case"
2020-10-04,2020-12-30,"GM","Germany",836052.028524791,"quantile",0.975,"87 day ahead cum case"
2020-10-04,2020-12-31,"GM","Germany",838804.901153728,"quantile",0.975,"88 day ahead cum case"
2020-10-04,2021-01-01,"GM","Germany",841499.272941429,"quantile",0.975,"89 day ahead cum case"
2020-10-04,2021-01-02,"GM","Germany",844136.486643732,"quantile",0.975,"90 day ahead cum case"
2020-10-04,2021-01-03,"GM","Germany",846717.865765634,"quantile",0.975,"91 day ahead cum case"
2020-10-04,2021-01-04,"GM","Germany",849244.618415402,"quantile",0.975,"92 day ahead cum case"
2020-10-04,2021-01-05,"GM","Germany",851717.841737343,"quantile",0.975,"93 day ahead cum case"
2020-10-04,2021-01-06,"GM","Germany",854138.733384286,"quantile",0.975,"94 day ahead cum case"
2020-10-04,2021-01-07,"GM","Germany",856508.471114464,"quantile",0.975,"95 day ahead cum case"
2020-10-04,2021-01-08,"GM","Germany",858828.211098601,"quantile",0.975,"96 day ahead cum case"
2020-10-04,2021-01-09,"GM","Germany",861099.08782471,"quantile",0.975,"97 day ahead cum case"
2020-10-04,2021-01-10,"GM","Germany",863322.214011946,"quantile",0.975,"98 day ahead cum case"
2020-10-04,2021-01-11,"GM","Germany",865498.680532672,"quantile",0.975,"99 day ahead cum case"
2020-10-04,2020-10-04,"GM","Germany",0,"point",NA,"0 day ahead inc case"
2020-10-04,2020-10-05,"GM","Germany",2176.28571428574,"point",NA,"1 day ahead inc case"
2020-10-04,2020-10-06,"GM","Germany",2285.46602364833,"point",NA,"2 day ahead inc case"
2020-10-04,2020-10-07,"GM","Germany",2389.23515706492,"point",NA,"3 day ahead inc case"
2020-10-04,2020-10-08,"GM","Germany",2486.63821607933,"point",NA,"4 day ahead inc case"
2020-10-04,2020-10-09,"GM","Germany",2576.92280940682,"point",NA,"5 day ahead inc case"
2020-10-04,2020-10-10,"GM","Germany",2660.27775109635,"point",NA,"6 day ahead inc case"
2020-10-04,2020-10-11,"GM","Germany",2737.45098575734,"point",NA,"7 day ahead inc case"
2020-10-04,2020-10-12,"GM","Germany",2809.44215940981,"point",NA,"8 day ahead inc case"
2020-10-04,2020-10-13,"GM","Germany",2877.23181495658,"point",NA,"9 day ahead inc case"
2020-10-04,2020-10-14,"GM","Germany",2941.62033453153,"point",NA,"10 day ahead inc case"
2020-10-04,2020-10-15,"GM","Germany",3003.18548378703,"point",NA,"11 day ahead inc case"
2020-10-04,2020-10-16,"GM","Germany",3062.31543449283,"point",NA,"12 day ahead inc case"
2020-10-04,2020-10-17,"GM","Germany",3119.26689559611,"point",NA,"13 day ahead inc case"
2020-10-04,2020-10-18,"GM","Germany",3174.21654249902,"point",NA,"14 day ahead inc case"
2020-10-04,2020-10-19,"GM","Germany",3227.2951912242,"point",NA,"15 day ahead inc case"
2020-10-04,2020-10-20,"GM","Germany",3278.6066838908,"point",NA,"16 day ahead inc case"
2020-10-04,2020-10-21,"GM","Germany",3328.23712816212,"point",NA,"17 day ahead inc case"
2020-10-04,2020-10-22,"GM","Germany",3376.25922247668,"point",NA,"18 day ahead inc case"
2020-10-04,2020-10-23,"GM","Germany",3422.73444120539,"point",NA,"19 day ahead inc case"
2020-10-04,2020-10-24,"GM","Germany",3467.71437834873,"point",NA,"20 day ahead inc case"
2020-10-04,2020-10-25,"GM","Germany",3511.24176168797,"point",NA,"21 day ahead inc case"
2020-10-04,2020-10-26,"GM","Germany",3553.3513141303,"point",NA,"22 day ahead inc case"
2020-10-04,2020-10-27,"GM","Germany",3594.07051921322,"point",NA,"23 day ahead inc case"
2020-10-04,2020-10-28,"GM","Germany",3633.38739134837,"point",NA,"24 day ahead inc case"
2020-10-04,2020-10-29,"GM","Germany",3671.1358258297,"point",NA,"25 day ahead inc case"
2020-10-04,2020-10-30,"GM","Germany",3707.35566120478,"point",NA,"26 day ahead inc case"
2020-10-04,2020-10-31,"GM","Germany",3742.08102072886,"point",NA,"27 day ahead inc case"
2020-10-04,2020-11-01,"GM","Germany",3775.33234061534,"point",NA,"28 day ahead inc case"
2020-10-04,2020-11-02,"GM","Germany",3807.12608455372,"point",NA,"29 day ahead inc case"
2020-10-04,2020-11-03,"GM","Germany",3837.47512174735,"point",NA,"30 day ahead inc case"
2020-10-04,2020-11-04,"GM","Germany",3866.3890689718,"point",NA,"31 day ahead inc case"
2020-10-04,2020-11-05,"GM","Germany",3893.87460008607,"point",NA,"32 day ahead inc case"
2020-10-04,2020-11-06,"GM","Germany",3919.93572608707,"point",NA,"33 day ahead inc case"
2020-10-04,2020-11-07,"GM","Germany",3944.57404851489,"point",NA,"34 day ahead inc case"
2020-10-04,2020-11-08,"GM","Germany",3967.78898874269,"point",NA,"35 day ahead inc case"
2020-10-04,2020-11-09,"GM","Germany",3989.57799544744,"point",NA,"36 day ahead inc case"
2020-10-04,2020-11-10,"GM","Germany",4009.93673233595,"point",NA,"37 day ahead inc case"
2020-10-04,2020-11-11,"GM","Germany",4028.85924800864,"point",NA,"38 day ahead inc case"
2020-10-04,2020-11-12,"GM","Germany",4046.33812965552,"point",NA,"39 day ahead inc case"
2020-10-04,2020-11-13,"GM","Germany",4062.36464212893,"point",NA,"40 day ahead inc case"
2020-10-04,2020-11-14,"GM","Germany",4076.92885378061,"point",NA,"41 day ahead inc case"
2020-10-04,2020-11-15,"GM","Germany",4090.01975032315,"point",NA,"42 day ahead inc case"
2020-10-04,2020-11-16,"GM","Germany",4101.62533785711,"point",NA,"43 day ahead inc case"
2020-10-04,2020-11-17,"GM","Germany",4111.7327360934,"point",NA,"44 day ahead inc case"
2020-10-04,2020-11-18,"GM","Germany",4120.3282627046,"point",NA,"45 day ahead inc case"
2020-10-04,2020-11-19,"GM","Germany",4127.48671781551,"point",NA,"46 day ahead inc case"
2020-10-04,2020-11-20,"GM","Germany",4133.34523897414,"point",NA,"47 day ahead inc case"
2020-10-04,2020-11-21,"GM","Germany",4137.66373773478,"point",NA,"48 day ahead inc case"
2020-10-04,2020-11-22,"GM","Germany",4140.45554976957,"point",NA,"49 day ahead inc case"
2020-10-04,2020-11-23,"GM","Germany",4141.749941474,"point",NA,"50 day ahead inc case"
2020-10-04,2020-11-24,"GM","Germany",4141.57573907502,"point",NA,"51 day ahead inc case"
2020-10-04,2020-11-25,"GM","Germany",4139.96137051971,"point",NA,"52 day ahead inc case"
2020-10-04,2020-11-26,"GM","Germany",4136.93490337563,"point",NA,"53 day ahead inc case"
2020-10-04,2020-11-27,"GM","Germany",4132.52407912578,"point",NA,"54 day ahead inc case"
2020-10-04,2020-11-28,"GM","Germany",4126.75634419965,"point",NA,"55 day ahead inc case"
2020-10-04,2020-11-29,"GM","Germany",4119.65887805144,"point",NA,"56 day ahead inc case"
2020-10-04,2020-11-30,"GM","Germany",4111.25861856586,"point",NA,"57 day ahead inc case"
2020-10-04,2020-12-01,"GM","Germany",4101.58228504681,"point",NA,"58 day ahead inc case"
2020-10-04,2020-12-02,"GM","Germany",4090.65639901761,"point",NA,"59 day ahead inc case"
2020-10-04,2020-12-03,"GM","Germany",4078.50730304298,"point",NA,"60 day ahead inc case"
2020-10-04,2020-12-04,"GM","Germany",4065.16117775836,"point",NA,"61 day ahead inc case"
2020-10-04,2020-12-05,"GM","Germany",4050.64405728038,"point",NA,"62 day ahead inc case"
2020-10-04,2020-12-06,"GM","Germany",4034.98184314952,"point",NA,"63 day ahead inc case"
2020-10-04,2020-12-07,"GM","Germany",4018.20031694614,"point",NA,"64 day ahead inc case"
2020-10-04,2020-12-08,"GM","Germany",4000.32515170716,"point",NA,"65 day ahead inc case"
2020-10-04,2020-12-09,"GM","Germany",3981.38192225399,"point",NA,"66 day ahead inc case"
2020-10-04,2020-12-10,"GM","Germany",3961.39611453994,"point",NA,"67 day ahead inc case"
2020-10-04,2020-12-11,"GM","Germany",3940.39313410677,"point",NA,"68 day ahead inc case"
2020-10-04,2020-12-12,"GM","Germany",3918.39831373759,"point",NA,"69 day ahead inc case"
2020-10-04,2020-12-13,"GM","Germany",3895.43692037917,"point",NA,"70 day ahead inc case"
2020-10-04,2020-12-14,"GM","Germany",3871.53416140843,"point",NA,"71 day ahead inc case"
2020-10-04,2020-12-15,"GM","Germany",3846.71519030118,"point",NA,"72 day ahead inc case"
2020-10-04,2020-12-16,"GM","Germany",3821.00511176069,"point",NA,"73 day ahead inc case"
2020-10-04,2020-12-17,"GM","Germany",3794.42898636009,"point",NA,"74 day ahead inc case"
2020-10-04,2020-12-18,"GM","Germany",3767.01183474076,"point",NA,"75 day ahead inc case"
2020-10-04,2020-12-19,"GM","Germany",3738.77864141332,"point",NA,"76 day ahead inc case"
2020-10-04,2020-12-20,"GM","Germany",3709.75435819512,"point",NA,"77 day ahead inc case"
2020-10-04,2020-12-21,"GM","Germany",3679.96390732238,"point",NA,"78 day ahead inc case"
2020-10-04,2020-12-22,"GM","Germany",3649.43218426395,"point",NA,"79 day ahead inc case"
2020-10-04,2020-12-23,"GM","Germany",3618.23884504777,"point",NA,"80 day ahead inc case"
2020-10-04,2020-12-24,"GM","Germany",3586.77559192595,"point",NA,"81 day ahead inc case"
2020-10-04,2020-12-25,"GM","Germany",3554.84912721405,"point",NA,"82 day ahead inc case"
2020-10-04,2020-12-26,"GM","Germany",3522.42436010193,"point",NA,"83 day ahead inc case"
2020-10-04,2020-12-27,"GM","Germany",3489.52951017511,"point",NA,"84 day ahead inc case"
2020-10-04,2020-12-28,"GM","Germany",3456.192782328,"point",NA,"85 day ahead inc case"
2020-10-04,2020-12-29,"GM","Germany",3422.44236816373,"point",NA,"86 day ahead inc case"
2020-10-04,2020-12-30,"GM","Germany",3388.3064472581,"point",NA,"87 day ahead inc case"
2020-10-04,2020-12-31,"GM","Germany",3353.81318830478,"point",NA,"88 day ahead inc case"
2020-10-04,2021-01-01,"GM","Germany",3318.99075014959,"point",NA,"89 day ahead inc case"
2020-10-04,2021-01-02,"GM","Germany",3283.86728273018,"point",NA,"90 day ahead inc case"
2020-10-04,2021-01-03,"GM","Germany",3248.47092792031,"point",NA,"91 day ahead inc case"
2020-10-04,2021-01-04,"GM","Germany",3212.82982030022,"point",NA,"92 day ahead inc case"
2020-10-04,2021-01-05,"GM","Germany",3176.97208784986,"point",NA,"93 day ahead inc case"
2020-10-04,2021-01-06,"GM","Germany",3140.92585257534,"point",NA,"94 day ahead inc case"
2020-10-04,2021-01-07,"GM","Germany",3104.71923107968,"point",NA,"95 day ahead inc case"
2020-10-04,2021-01-08,"GM","Germany",3068.38033507636,"point",NA,"96 day ahead inc case"
2020-10-04,2021-01-09,"GM","Germany",3031.93727185321,"point",NA,"97 day ahead inc case"
2020-10-04,2021-01-10,"GM","Germany",2995.41814469546,"point",NA,"98 day ahead inc case"
2020-10-04,2021-01-11,"GM","Germany",2958.85105326609,"point",NA,"99 day ahead inc case"
2020-10-04,2020-10-04,"GM","Germany",0,"quantile",0.025,"0 day ahead inc case"
2020-10-04,2020-10-05,"GM","Germany",2176.28571428574,"quantile",0.025,"1 day ahead inc case"
2020-10-04,2020-10-06,"GM","Germany",2058.11505219614,"quantile",0.025,"2 day ahead inc case"
2020-10-04,2020-10-07,"GM","Germany",1953.34196000441,"quantile",0.025,"3 day ahead inc case"
2020-10-04,2020-10-08,"GM","Germany",1857.03162703523,"quantile",0.025,"4 day ahead inc case"
2020-10-04,2020-10-09,"GM","Germany",1766.10082725418,"quantile",0.025,"5 day ahead inc case"
2020-10-04,2020-10-10,"GM","Germany",1678.95143216924,"quantile",0.025,"6 day ahead inc case"
2020-10-04,2020-10-11,"GM","Germany",1595.48776955128,"quantile",0.025,"7 day ahead inc case"
2020-10-04,2020-10-12,"GM","Germany",1516.40842155437,"quantile",0.025,"8 day ahead inc case"
2020-10-04,2020-10-13,"GM","Germany",1442.53853732976,"quantile",0.025,"9 day ahead inc case"
2020-10-04,2020-10-14,"GM","Germany",1374.42711201595,"quantile",0.025,"10 day ahead inc case"
2020-10-04,2020-10-15,"GM","Germany",1312.23030785238,"quantile",0.025,"11 day ahead inc case"
2020-10-04,2020-10-16,"GM","Germany",1255.77723164909,"quantile",0.025,"12 day ahead inc case"
2020-10-04,2020-10-17,"GM","Germany",1204.69721606647,"quantile",0.025,"13 day ahead inc case"
2020-10-04,2020-10-18,"GM","Germany",1158.5321823791,"quantile",0.025,"14 day ahead inc case"
2020-10-04,2020-10-19,"GM","Germany",1116.80866123858,"quantile",0.025,"15 day ahead inc case"
2020-10-04,2020-10-20,"GM","Germany",1079.23109496699,"quantile",0.025,"16 day ahead inc case"
2020-10-04,2020-10-21,"GM","Germany",1045.70272086497,"quantile",0.025,"17 day ahead inc case"
2020-10-04,2020-10-22,"GM","Germany",1015.67824156751,"quantile",0.025,"18 day ahead inc case"
2020-10-04,2020-10-23,"GM","Germany",988.799377254269,"quantile",0.025,"19 day ahead inc case"
2020-10-04,2020-10-24,"GM","Germany",964.747710433148,"quantile",0.025,"20 day ahead inc case"
2020-10-04,2020-10-25,"GM","Germany",943.23547922523,"quantile",0.025,"21 day ahead inc case"
2020-10-04,2020-10-26,"GM","Germany",924.002702341822,"quantile",0.025,"22 day ahead inc case"
2020-10-04,2020-10-27,"GM","Germany",906.814544384019,"quantile",0.025,"23 day ahead inc case"
2020-10-04,2020-10-28,"GM","Germany",891.458924596722,"quantile",0.025,"24 day ahead inc case"
2020-10-04,2020-10-29,"GM","Germany",877.744351768051,"quantile",0.025,"25 day ahead inc case"
2020-10-04,2020-10-30,"GM","Germany",865.497964918904,"quantile",0.025,"26 day ahead inc case"
2020-10-04,2020-10-31,"GM","Germany",854.563760408259,"quantile",0.025,"27 day ahead inc case"
2020-10-04,2020-11-01,"GM","Germany",844.800987745577,"quantile",0.025,"28 day ahead inc case"
2020-10-04,2020-11-02,"GM","Germany",836.117710334074,"quantile",0.025,"29 day ahead inc case"
2020-10-04,2020-11-03,"GM","Germany",828.519443139667,"quantile",0.025,"30 day ahead inc case"
2020-10-04,2020-11-04,"GM","Germany",821.86295028514,"quantile",0.025,"31 day ahead inc case"
2020-10-04,2020-11-05,"GM","Germany",816.04693623638,"quantile",0.025,"32 day ahead inc case"
2020-10-04,2020-11-06,"GM","Germany",810.983947081142,"quantile",0.025,"33 day ahead inc case"
2020-10-04,2020-11-07,"GM","Germany",806.59490001353,"quantile",0.025,"34 day ahead inc case"
2020-10-04,2020-11-08,"GM","Germany",802.808286718267,"quantile",0.025,"35 day ahead inc case"
2020-10-04,2020-11-09,"GM","Germany",799.559452562942,"quantile",0.025,"36 day ahead inc case"
2020-10-04,2020-11-10,"GM","Germany",796.789944382792,"quantile",0.025,"37 day ahead inc case"
2020-10-04,2020-11-11,"GM","Germany",794.446920334361,"quantile",0.025,"38 day ahead inc case"
2020-10-04,2020-11-12,"GM","Germany",792.482615906745,"quantile",0.025,"39 day ahead inc case"
2020-10-04,2020-11-13,"GM","Germany",790.853860749863,"quantile",0.025,"40 day ahead inc case"
2020-10-04,2020-11-14,"GM","Germany",789.521641482075,"quantile",0.025,"41 day ahead inc case"
2020-10-04,2020-11-15,"GM","Germany",788.450706102769,"quantile",0.025,"42 day ahead inc case"
2020-10-04,2020-11-16,"GM","Germany",787.626872101915,"quantile",0.025,"43 day ahead inc case"
2020-10-04,2020-11-17,"GM","Germany",787.066905491869,"quantile",0.025,"44 day ahead inc case"
2020-10-04,2020-11-18,"GM","Germany",786.730955075996,"quantile",0.025,"45 day ahead inc case"
2020-10-04,2020-11-19,"GM","Germany",786.593553031562,"quantile",0.025,"46 day ahead inc case"
2020-10-04,2020-11-20,"GM","Germany",786.63229741354,"quantile",0.025,"47 day ahead inc case"
2020-10-04,2020-11-21,"GM","Germany",786.826850566664,"quantile",0.025,"48 day ahead inc case"
2020-10-04,2020-11-22,"GM","Germany",787.158742681961,"quantile",0.025,"49 day ahead inc case"
2020-10-04,2020-11-23,"GM","Germany",787.611194047611,"quantile",0.025,"50 day ahead inc case"
2020-10-04,2020-11-24,"GM","Germany",788.168954215478,"quantile",0.025,"51 day ahead inc case"
2020-10-04,2020-11-25,"GM","Germany",788.818156471651,"quantile",0.025,"52 day ahead inc case"
2020-10-04,2020-11-26,"GM","Germany",789.546186157095,"quantile",0.025,"53 day ahead inc case"
2020-10-04,2020-11-27,"GM","Germany",790.341561519308,"quantile",0.025,"54 day ahead inc case"
2020-10-04,2020-11-28,"GM","Germany",791.193825900962,"quantile",0.025,"55 day ahead inc case"
2020-10-04,2020-11-29,"GM","Germany",792.093450190499,"quantile",0.025,"56 day ahead inc case"
2020-10-04,2020-11-30,"GM","Germany",793.031744553125,"quantile",0.025,"57 day ahead inc case"
2020-10-04,2020-12-01,"GM","Germany",794.000778564427,"quantile",0.025,"58 day ahead inc case"
2020-10-04,2020-12-02,"GM","Germany",795.004025018017,"quantile",0.025,"59 day ahead inc case"
2020-10-04,2020-12-03,"GM","Germany",796.059283549956,"quantile",0.025,"60 day ahead inc case"
2020-10-04,2020-12-04,"GM","Germany",797.150590399164,"quantile",0.025,"61 day ahead inc case"
2020-10-04,2020-12-05,"GM","Germany",798.271933170909,"quantile",0.025,"62 day ahead inc case"
2020-10-04,2020-12-06,"GM","Germany",799.418228073802,"quantile",0.025,"63 day ahead inc case"
2020-10-04,2020-12-07,"GM","Germany",800.584808089014,"quantile",0.025,"64 day ahead inc case"
2020-10-04,2020-12-08,"GM","Germany",801.76738330943,"quantile",0.025,"65 day ahead inc case"
2020-10-04,2020-12-09,"GM","Germany",802.962005053181,"quantile",0.025,"66 day ahead inc case"
2020-10-04,2020-12-10,"GM","Germany",804.165033390338,"quantile",0.025,"67 day ahead inc case"
2020-10-04,2020-12-11,"GM","Germany",805.37310776324,"quantile",0.025,"68 day ahead inc case"
2020-10-04,2020-12-12,"GM","Germany",806.58312039898,"quantile",0.025,"69 day ahead inc case"
2020-10-04,2020-12-13,"GM","Germany",807.792192254972,"quantile",0.025,"70 day ahead inc case"
2020-10-04,2020-12-14,"GM","Germany",808.997651251499,"quantile",0.025,"71 day ahead inc case"
2020-10-04,2020-12-15,"GM","Germany",810.197012577148,"quantile",0.025,"72 day ahead inc case"
2020-10-04,2020-12-16,"GM","Germany",811.38796086784,"quantile",0.025,"73 day ahead inc case"
2020-10-04,2020-12-17,"GM","Germany",812.568334081327,"quantile",0.025,"74 day ahead inc case"
2020-10-04,2020-12-18,"GM","Germany",813.736108907266,"quantile",0.025,"75 day ahead inc case"
2020-10-04,2020-12-19,"GM","Germany",814.889387564792,"quantile",0.025,"76 day ahead inc case"
2020-10-04,2020-12-20,"GM","Germany",816.026385856967,"quantile",0.025,"77 day ahead inc case"
2020-10-04,2020-12-21,"GM","Germany",817.148588780081,"quantile",0.025,"78 day ahead inc case"
2020-10-04,2020-12-22,"GM","Germany",818.273957094585,"quantile",0.025,"79 day ahead inc case"
2020-10-04,2020-12-23,"GM","Germany",819.392299761064,"quantile",0.025,"80 day ahead inc case"
2020-10-04,2020-12-24,"GM","Germany",820.500002508052,"quantile",0.025,"81 day ahead inc case"
2020-10-04,2020-12-25,"GM","Germany",821.596045308339,"quantile",0.025,"82 day ahead inc case"
2020-10-04,2020-12-26,"GM","Germany",822.679470470117,"quantile",0.025,"83 day ahead inc case"
2020-10-04,2020-12-27,"GM","Germany",823.749376706488,"quantile",0.025,"84 day ahead inc case"
2020-10-04,2020-12-28,"GM","Germany",824.804913766216,"quantile",0.025,"85 day ahead inc case"
2020-10-04,2020-12-29,"GM","Germany",825.845277578745,"quantile",0.025,"86 day ahead inc case"
2020-10-04,2020-12-30,"GM","Germany",826.869705857942,"quantile",0.025,"87 day ahead inc case"
2020-10-04,2020-12-31,"GM","Germany",827.877474126522,"quantile",0.025,"88 day ahead inc case"
2020-10-04,2021-01-01,"GM","Germany",828.867892118404,"quantile",0.025,"89 day ahead inc case"
2020-10-04,2021-01-02,"GM","Germany",829.840300522628,"quantile",0.025,"90 day ahead inc case"
2020-10-04,2021-01-03,"GM","Germany",830.794068037125,"quantile",0.025,"91 day ahead inc case"
2020-10-04,2021-01-04,"GM","Germany",831.72858870466,"quantile",0.025,"92 day ahead inc case"
2020-10-04,2021-01-05,"GM","Germany",832.643279499374,"quantile",0.025,"93 day ahead inc case"
2020-10-04,2021-01-06,"GM","Germany",833.537578145973,"quantile",0.025,"94 day ahead inc case"
2020-10-04,2021-01-07,"GM","Germany",834.410941143928,"quantile",0.025,"95 day ahead inc case"
2020-10-04,2021-01-08,"GM","Germany",835.262841981777,"quantile",0.025,"96 day ahead inc case"
2020-10-04,2021-01-09,"GM","Germany",836.09276951931,"quantile",0.025,"97 day ahead inc case"
2020-10-04,2021-01-10,"GM","Germany",836.900226526195,"quantile",0.025,"98 day ahead inc case"
2020-10-04,2021-01-11,"GM","Germany",837.684728356777,"quantile",0.025,"99 day ahead inc case"
2020-10-04,2020-10-04,"GM","Germany",0,"quantile",0.975,"0 day ahead inc case"
2020-10-04,2020-10-05,"GM","Germany",2176.28571428574,"quantile",0.975,"1 day ahead inc case"
2020-10-04,2020-10-06,"GM","Germany",3175.78341957857,"quantile",0.975,"2 day ahead inc case"
2020-10-04,2020-10-07,"GM","Germany",4067.19316070114,"quantile",0.975,"3 day ahead inc case"
2020-10-04,2020-10-08,"GM","Germany",4855.38120192103,"quantile",0.975,"4 day ahead inc case"
2020-10-04,2020-10-09,"GM","Germany",5546.69504290604,"quantile",0.975,"5 day ahead inc case"
2020-10-04,2020-10-10,"GM","Germany",6148.926577317,"quantile",0.975,"6 day ahead inc case"
2020-10-04,2020-10-11,"GM","Germany",6670.87384784553,"quantile",0.975,"7 day ahead inc case"
2020-10-04,2020-10-12,"GM","Germany",7121.51519523177,"quantile",0.975,"8 day ahead inc case"
2020-10-04,2020-10-13,"GM","Germany",7509.22905907466,"quantile",0.975,"9 day ahead inc case"
2020-10-04,2020-10-14,"GM","Germany",7841.34934757388,"quantile",0.975,"10 day ahead inc case"
2020-10-04,2020-10-15,"GM","Germany",8124.07244916755,"quantile",0.975,"11 day ahead inc case"
2020-10-04,2020-10-16,"GM","Germany",8362.43126729049,"quantile",0.975,"12 day ahead inc case"
2020-10-04,2020-10-17,"GM","Germany",8560.90709305945,"quantile",0.975,"13 day ahead inc case"
2020-10-04,2020-10-18,"GM","Germany",8723.4774714713,"quantile",0.975,"14 day ahead inc case"
2020-10-04,2020-10-19,"GM","Germany",8853.68136636831,"quantile",0.975,"15 day ahead inc case"
2020-10-04,2020-10-20,"GM","Germany",8954.70578383788,"quantile",0.975,"16 day ahead inc case"
2020-10-04,2020-10-21,"GM","Germany",9029.43989084353,"quantile",0.975,"17 day ahead inc case"
2020-10-04,2020-10-22,"GM","Germany",9080.51151134516,"quantile",0.975,"18 day ahead inc case"
2020-10-04,2020-10-23,"GM","Germany",9110.31480648473,"quantile",0.975,"19 day ahead inc case"
2020-10-04,2020-10-24,"GM","Germany",9121.03336240316,"quantile",0.975,"20 day ahead inc case"
2020-10-04,2020-10-25,"GM","Germany",9114.66045756656,"quantile",0.975,"21 day ahead inc case"
2020-10-04,2020-10-26,"GM","Germany",9092.82171545859,"quantile",0.975,"22 day ahead inc case"
2020-10-04,2020-10-27,"GM","Germany",9056.97543305589,"quantile",0.975,"23 day ahead inc case"
2020-10-04,2020-10-28,"GM","Germany",9008.76222895167,"quantile",0.975,"24 day ahead inc case"
2020-10-04,2020-10-29,"GM","Germany",8949.51535077626,"quantile",0.975,"25 day ahead inc case"
2020-10-04,2020-10-30,"GM","Germany",8880.45178088045,"quantile",0.975,"26 day ahead inc case"
2020-10-04,2020-10-31,"GM","Germany",8802.68410130811,"quantile",0.975,"27 day ahead inc case"
2020-10-04,2020-11-01,"GM","Germany",8717.23042879859,"quantile",0.975,"28 day ahead inc case"
2020-10-04,2020-11-02,"GM","Germany",8625.02340435085,"quantile",0.975,"29 day ahead inc case"
2020-10-04,2020-11-03,"GM","Germany",8526.91832731338,"quantile",0.975,"30 day ahead inc case"
2020-10-04,2020-11-04,"GM","Germany",8423.70051541785,"quantile",0.975,"31 day ahead inc case"
2020-10-04,2020-11-05,"GM","Germany",8316.09196440817,"quantile",0.975,"32 day ahead inc case"
2020-10-04,2020-11-06,"GM","Germany",8204.75737392611,"quantile",0.975,"33 day ahead inc case"
2020-10-04,2020-11-07,"GM","Germany",8090.3095999551,"quantile",0.975,"34 day ahead inc case"
2020-10-04,2020-11-08,"GM","Germany",7973.28337555728,"quantile",0.975,"35 day ahead inc case"
2020-10-04,2020-11-09,"GM","Germany",7853.84930822463,"quantile",0.975,"36 day ahead inc case"
2020-10-04,2020-11-10,"GM","Germany",7732.5855788847,"quantile",0.975,"37 day ahead inc case"
2020-10-04,2020-11-11,"GM","Germany",7609.93680303171,"quantile",0.975,"38 day ahead inc case"
2020-10-04,2020-11-12,"GM","Germany",7486.23651190591,"quantile",0.975,"39 day ahead inc case"
2020-10-04,2020-11-13,"GM","Germany",7361.78978434554,"quantile",0.975,"40 day ahead inc case"
2020-10-04,2020-11-14,"GM","Germany",7236.87595438911,"quantile",0.975,"41 day ahead inc case"
2020-10-04,2020-11-15,"GM","Germany",7111.75106121902,"quantile",0.975,"42 day ahead inc case"
2020-10-04,2020-11-16,"GM","Germany",6986.6500659599,"quantile",0.975,"43 day ahead inc case"
2020-10-04,2020-11-17,"GM","Germany",6861.78885751846,"quantile",0.975,"44 day ahead inc case"
2020-10-04,2020-11-18,"GM","Germany",6737.3660675491,"quantile",0.975,"45 day ahead inc case"
2020-10-04,2020-11-19,"GM","Germany",6613.56471269531,"quantile",0.975,"46 day ahead inc case"
2020-10-04,2020-11-20,"GM","Germany",6490.55368055555,"quantile",0.975,"47 day ahead inc case"
2020-10-04,2020-11-21,"GM","Germany",6368.48907424032,"quantile",0.975,"48 day ahead inc case"
2020-10-04,2020-11-22,"GM","Germany",6248.73298355693,"quantile",0.975,"49 day ahead inc case"
2020-10-04,2020-11-23,"GM","Germany",6148.22654878441,"quantile",0.975,"50 day ahead inc case"
2020-10-04,2020-11-24,"GM","Germany",6050.00167587947,"quantile",0.975,"51 day ahead inc case"
2020-10-04,2020-11-25,"GM","Germany",5954.63915268576,"quantile",0.975,"52 day ahead inc case"
2020-10-04,2020-11-26,"GM","Germany",5859.3110951219,"quantile",0.975,"53 day ahead inc case"
2020-10-04,2020-11-27,"GM","Germany",5764.55110457086,"quantile",0.975,"54 day ahead inc case"
2020-10-04,2020-11-28,"GM","Germany",5672.79033430584,"quantile",0.975,"55 day ahead inc case"
2020-10-04,2020-11-29,"GM","Germany",5581.21835449443,"quantile",0.975,"56 day ahead inc case"
2020-10-04,2020-11-30,"GM","Germany",5489.93890672841,"quantile",0.975,"57 day ahead inc case"
2020-10-04,2020-12-01,"GM","Germany",5399.05302661855,"quantile",0.975,"58 day ahead inc case"
2020-10-04,2020-12-02,"GM","Germany",5308.65930130112,"quantile",0.975,"59 day ahead inc case"
2020-10-04,2020-12-03,"GM","Germany",5253.63601902488,"quantile",0.975,"60 day ahead inc case"
2020-10-04,2020-12-04,"GM","Germany",5290.38798223331,"quantile",0.975,"61 day ahead inc case"
2020-10-04,2020-12-05,"GM","Germany",5327.47433582018,"quantile",0.975,"62 day ahead inc case"
2020-10-04,2020-12-06,"GM","Germany",5363.68940657377,"quantile",0.975,"63 day ahead inc case"
2020-10-04,2020-12-07,"GM","Germany",5399.01420380885,"quantile",0.975,"64 day ahead inc case"
2020-10-04,2020-12-08,"GM","Germany",5433.4296774572,"quantile",0.975,"65 day ahead inc case"
2020-10-04,2020-12-09,"GM","Germany",5466.91672371642,"quantile",0.975,"66 day ahead inc case"
2020-10-04,2020-12-10,"GM","Germany",5499.45619016665,"quantile",0.975,"67 day ahead inc case"
2020-10-04,2020-12-11,"GM","Germany",5531.0288803929,"quantile",0.975,"68 day ahead inc case"
2020-10-04,2020-12-12,"GM","Germany",5561.61555817584,"quantile",0.975,"69 day ahead inc case"
2020-10-04,2020-12-13,"GM","Germany",5591.19695127674,"quantile",0.975,"70 day ahead inc case"
2020-10-04,2020-12-14,"GM","Germany",5619.75375486712,"quantile",0.975,"71 day ahead inc case"
2020-10-04,2020-12-15,"GM","Germany",5647.26663462829,"quantile",0.975,"72 day ahead inc case"
2020-10-04,2020-12-16,"GM","Germany",5673.71622955997,"quantile",0.975,"73 day ahead inc case"
2020-10-04,2020-12-17,"GM","Germany",5699.08315451676,"quantile",0.975,"74 day ahead inc case"
2020-10-04,2020-12-18,"GM","Germany",5723.34800250793,"quantile",0.975,"75 day ahead inc case"
2020-10-04,2020-12-19,"GM","Germany",5746.49134677544,"quantile",0.975,"76 day ahead inc case"
2020-10-04,2020-12-20,"GM","Germany",5768.49374267494,"quantile",0.975,"77 day ahead inc case"
2020-10-04,2020-12-21,"GM","Germany",5789.33572937804,"quantile",0.975,"78 day ahead inc case"
2020-10-04,2020-12-22,"GM","Germany",5808.99783141294,"quantile",0.975,"79 day ahead inc case"
2020-10-04,2020-12-23,"GM","Germany",5827.46056005685,"quantile",0.975,"80 day ahead inc case"
2020-10-04,2020-12-24,"GM","Germany",5844.70441459795,"quantile",0.975,"81 day ahead inc case"
2020-10-04,2020-12-25,"GM","Germany",5860.70988347568,"quantile",0.975,"82 day ahead inc case"
2020-10-04,2020-12-26,"GM","Germany",5875.45744531346,"quantile",0.975,"83 day ahead inc case"
2020-10-04,2020-12-27,"GM","Germany",5888.92756985337,"quantile",0.975,"84 day ahead inc case"
2020-10-04,2020-12-28,"GM","Germany",5901.10867784894,"quantile",0.975,"85 day ahead inc case"
2020-10-04,2020-12-29,"GM","Germany",5912.27196804644,"quantile",0.975,"86 day ahead inc case"
2020-10-04,2020-12-30,"GM","Germany",5922.33281174232,"quantile",0.975,"87 day ahead inc case"
2020-10-04,2020-12-31,"GM","Germany",5931.16977893817,"quantile",0.975,"88 day ahead inc case"
2020-10-04,2021-01-01,"GM","Germany",5938.78788422118,"quantile",0.975,"89 day ahead inc case"
2020-10-04,2021-01-02,"GM","Germany",5945.19213730423,"quantile",0.975,"90 day ahead inc case"
2020-10-04,2021-01-03,"GM","Germany",5950.38754348911,"quantile",0.975,"91 day ahead inc case"
2020-10-04,2021-01-04,"GM","Germany",5954.37910408713,"quantile",0.975,"92 day ahead inc case"
2020-10-04,2021-01-05,"GM","Germany",5957.17181679804,"quantile",0.975,"93 day ahead inc case"
2020-10-04,2021-01-06,"GM","Germany",5958.77067605429,"quantile",0.975,"94 day ahead inc case"
2020-10-04,2021-01-07,"GM","Germany",5959.18067333195,"quantile",0.975,"95 day ahead inc case"
2020-10-04,2021-01-08,"GM","Germany",5958.40679743141,"quantile",0.975,"96 day ahead inc case"
2020-10-04,2021-01-09,"GM","Germany",5956.45403473312,"quantile",0.975,"97 day ahead inc case"
2020-10-04,2021-01-10,"GM","Germany",5953.32736942638,"quantile",0.975,"98 day ahead inc case"
2020-10-04,2021-01-11,"GM","Germany",5949.03178371955,"quantile",0.975,"99 day ahead inc case"
