,date,location,location_name,value
0,2020-04-26,GM,Germany,1857
1,2020-04-26,GM01,Baden-Württemberg State,301
2,2020-04-26,GM02,Free State of Bavaria,463
3,2020-04-26,GM03,Free Hanseatic City of Bremen,8
4,2020-04-26,GM04,Free Hanseatic City of Hamburg,64
5,2020-04-26,GM05,Hesse State,169
6,2020-04-26,GM06,Lower Saxony State,108
7,2020-04-26,GM07,North Rhine-Westphalia State,381
8,2020-04-26,GM08,Rhineland-Palatinate State,64
9,2020-04-26,GM09,Saarland State,27
10,2020-04-26,GM10,Schleswig-Holstein State,16
11,2020-04-26,GM11,Brandenburg State,25
12,2020-04-26,GM12,Mecklenburg-Western Pomerania State,4
13,2020-04-26,GM13,Free State of Saxony,48
14,2020-04-26,GM14,Sachsen-Anhalt State,17
15,2020-04-26,GM15,Free State of Thüringia,46
16,2020-04-26,GM16,Berlin State,116
17,2020-04-27,GM,Germany,1729
18,2020-04-27,GM01,Baden-Württemberg State,274
19,2020-04-27,GM02,Free State of Bavaria,443
20,2020-04-27,GM03,Free Hanseatic City of Bremen,9
21,2020-04-27,GM04,Free Hanseatic City of Hamburg,69
22,2020-04-27,GM05,Hesse State,156
23,2020-04-27,GM06,Lower Saxony State,108
24,2020-04-27,GM07,North Rhine-Westphalia State,336
25,2020-04-27,GM08,Rhineland-Palatinate State,61
26,2020-04-27,GM09,Saarland State,26
27,2020-04-27,GM10,Schleswig-Holstein State,15
28,2020-04-27,GM11,Brandenburg State,22
29,2020-04-27,GM12,Mecklenburg-Western Pomerania State,5
30,2020-04-27,GM13,Free State of Saxony,36
31,2020-04-27,GM14,Sachsen-Anhalt State,15
32,2020-04-27,GM15,Free State of Thüringia,44
33,2020-04-27,GM16,Berlin State,110
34,2020-04-28,GM,Germany,1748
35,2020-04-28,GM01,Baden-Württemberg State,277
36,2020-04-28,GM02,Free State of Bavaria,464
37,2020-04-28,GM03,Free Hanseatic City of Bremen,8
38,2020-04-28,GM04,Free Hanseatic City of Hamburg,70
39,2020-04-28,GM05,Hesse State,156
40,2020-04-28,GM06,Lower Saxony State,98
41,2020-04-28,GM07,North Rhine-Westphalia State,332
42,2020-04-28,GM08,Rhineland-Palatinate State,53
43,2020-04-28,GM09,Saarland State,27
44,2020-04-28,GM10,Schleswig-Holstein State,19
45,2020-04-28,GM11,Brandenburg State,22
46,2020-04-28,GM12,Mecklenburg-Western Pomerania State,6
47,2020-04-28,GM13,Free State of Saxony,48
48,2020-04-28,GM14,Sachsen-Anhalt State,15
49,2020-04-28,GM15,Free State of Thüringia,43
50,2020-04-28,GM16,Berlin State,110
51,2020-04-29,GM,Germany,1719
52,2020-04-29,GM01,Baden-Württemberg State,271
53,2020-04-29,GM02,Free State of Bavaria,447
54,2020-04-29,GM03,Free Hanseatic City of Bremen,10
55,2020-04-29,GM04,Free Hanseatic City of Hamburg,67
56,2020-04-29,GM05,Hesse State,154
57,2020-04-29,GM06,Lower Saxony State,98
58,2020-04-29,GM07,North Rhine-Westphalia State,338
59,2020-04-29,GM08,Rhineland-Palatinate State,53
60,2020-04-29,GM09,Saarland State,29
61,2020-04-29,GM10,Schleswig-Holstein State,19
62,2020-04-29,GM11,Brandenburg State,19
63,2020-04-29,GM12,Mecklenburg-Western Pomerania State,5
64,2020-04-29,GM13,Free State of Saxony,47
65,2020-04-29,GM14,Sachsen-Anhalt State,14
66,2020-04-29,GM15,Free State of Thüringia,43
67,2020-04-29,GM16,Berlin State,105
68,2020-04-30,GM,Germany,1605
69,2020-04-30,GM01,Baden-Württemberg State,259
70,2020-04-30,GM02,Free State of Bavaria,419
71,2020-04-30,GM03,Free Hanseatic City of Bremen,9
72,2020-04-30,GM04,Free Hanseatic City of Hamburg,66
73,2020-04-30,GM05,Hesse State,140
74,2020-04-30,GM06,Lower Saxony State,90
75,2020-04-30,GM07,North Rhine-Westphalia State,309
76,2020-04-30,GM08,Rhineland-Palatinate State,49
77,2020-04-30,GM09,Saarland State,30
78,2020-04-30,GM10,Schleswig-Holstein State,16
79,2020-04-30,GM11,Brandenburg State,17
80,2020-04-30,GM12,Mecklenburg-Western Pomerania State,5
81,2020-04-30,GM13,Free State of Saxony,46
82,2020-04-30,GM14,Sachsen-Anhalt State,12
83,2020-04-30,GM15,Free State of Thüringia,42
84,2020-04-30,GM16,Berlin State,96
85,2020-05-01,GM,Germany,1549
86,2020-05-01,GM01,Baden-Württemberg State,248
87,2020-05-01,GM02,Free State of Bavaria,402
88,2020-05-01,GM03,Free Hanseatic City of Bremen,9
89,2020-05-01,GM04,Free Hanseatic City of Hamburg,66
90,2020-05-01,GM05,Hesse State,140
91,2020-05-01,GM06,Lower Saxony State,86
92,2020-05-01,GM07,North Rhine-Westphalia State,301
93,2020-05-01,GM08,Rhineland-Palatinate State,43
94,2020-05-01,GM09,Saarland State,28
95,2020-05-01,GM10,Schleswig-Holstein State,14
96,2020-05-01,GM11,Brandenburg State,18
97,2020-05-01,GM12,Mecklenburg-Western Pomerania State,4
98,2020-05-01,GM13,Free State of Saxony,47
99,2020-05-01,GM14,Sachsen-Anhalt State,12
100,2020-05-01,GM15,Free State of Thüringia,37
101,2020-05-01,GM16,Berlin State,94
102,2020-05-02,GM,Germany,1508
103,2020-05-02,GM01,Baden-Württemberg State,265
104,2020-05-02,GM02,Free State of Bavaria,382
105,2020-05-02,GM03,Free Hanseatic City of Bremen,8
106,2020-05-02,GM04,Free Hanseatic City of Hamburg,60
107,2020-05-02,GM05,Hesse State,136
108,2020-05-02,GM06,Lower Saxony State,83
109,2020-05-02,GM07,North Rhine-Westphalia State,284
110,2020-05-02,GM08,Rhineland-Palatinate State,37
111,2020-05-02,GM09,Saarland State,26
112,2020-05-02,GM10,Schleswig-Holstein State,14
113,2020-05-02,GM11,Brandenburg State,17
114,2020-05-02,GM12,Mecklenburg-Western Pomerania State,3
115,2020-05-02,GM13,Free State of Saxony,46
116,2020-05-02,GM14,Sachsen-Anhalt State,12
117,2020-05-02,GM15,Free State of Thüringia,36
118,2020-05-02,GM16,Berlin State,99
119,2020-05-03,GM,Germany,1441
120,2020-05-03,GM01,Baden-Württemberg State,249
121,2020-05-03,GM02,Free State of Bavaria,346
122,2020-05-03,GM03,Free Hanseatic City of Bremen,5
123,2020-05-03,GM04,Free Hanseatic City of Hamburg,62
124,2020-05-03,GM05,Hesse State,141
125,2020-05-03,GM06,Lower Saxony State,88
126,2020-05-03,GM07,North Rhine-Westphalia State,271
127,2020-05-03,GM08,Rhineland-Palatinate State,38
128,2020-05-03,GM09,Saarland State,25
129,2020-05-03,GM10,Schleswig-Holstein State,11
130,2020-05-03,GM11,Brandenburg State,15
131,2020-05-03,GM12,Mecklenburg-Western Pomerania State,3
132,2020-05-03,GM13,Free State of Saxony,43
133,2020-05-03,GM14,Sachsen-Anhalt State,9
134,2020-05-03,GM15,Free State of Thüringia,34
135,2020-05-03,GM16,Berlin State,101
136,2020-05-04,GM,Germany,1396
137,2020-05-04,GM01,Baden-Württemberg State,254
138,2020-05-04,GM02,Free State of Bavaria,334
139,2020-05-04,GM03,Free Hanseatic City of Bremen,5
140,2020-05-04,GM04,Free Hanseatic City of Hamburg,58
141,2020-05-04,GM05,Hesse State,138
142,2020-05-04,GM06,Lower Saxony State,84
143,2020-05-04,GM07,North Rhine-Westphalia State,260
144,2020-05-04,GM08,Rhineland-Palatinate State,34
145,2020-05-04,GM09,Saarland State,21
146,2020-05-04,GM10,Schleswig-Holstein State,10
147,2020-05-04,GM11,Brandenburg State,14
148,2020-05-04,GM12,Mecklenburg-Western Pomerania State,3
149,2020-05-04,GM13,Free State of Saxony,43
150,2020-05-04,GM14,Sachsen-Anhalt State,10
151,2020-05-04,GM15,Free State of Thüringia,31
152,2020-05-04,GM16,Berlin State,97
153,2020-05-05,GM,Germany,1346
154,2020-05-05,GM01,Baden-Württemberg State,221
155,2020-05-05,GM02,Free State of Bavaria,332
156,2020-05-05,GM03,Free Hanseatic City of Bremen,7
157,2020-05-05,GM04,Free Hanseatic City of Hamburg,55
158,2020-05-05,GM05,Hesse State,131
159,2020-05-05,GM06,Lower Saxony State,79
160,2020-05-05,GM07,North Rhine-Westphalia State,266
161,2020-05-05,GM08,Rhineland-Palatinate State,31
162,2020-05-05,GM09,Saarland State,20
163,2020-05-05,GM10,Schleswig-Holstein State,12
164,2020-05-05,GM11,Brandenburg State,15
165,2020-05-05,GM12,Mecklenburg-Western Pomerania State,3
166,2020-05-05,GM13,Free State of Saxony,41
167,2020-05-05,GM14,Sachsen-Anhalt State,9
168,2020-05-05,GM15,Free State of Thüringia,30
169,2020-05-05,GM16,Berlin State,94
170,2020-05-06,GM,Germany,1311
171,2020-05-06,GM01,Baden-Württemberg State,203
172,2020-05-06,GM02,Free State of Bavaria,321
173,2020-05-06,GM03,Free Hanseatic City of Bremen,6
174,2020-05-06,GM04,Free Hanseatic City of Hamburg,54
175,2020-05-06,GM05,Hesse State,119
176,2020-05-06,GM06,Lower Saxony State,74
177,2020-05-06,GM07,North Rhine-Westphalia State,264
178,2020-05-06,GM08,Rhineland-Palatinate State,32
179,2020-05-06,GM09,Saarland State,21
180,2020-05-06,GM10,Schleswig-Holstein State,13
181,2020-05-06,GM11,Brandenburg State,24
182,2020-05-06,GM12,Mecklenburg-Western Pomerania State,3
183,2020-05-06,GM13,Free State of Saxony,37
184,2020-05-06,GM14,Sachsen-Anhalt State,9
185,2020-05-06,GM15,Free State of Thüringia,32
186,2020-05-06,GM16,Berlin State,99
187,2020-05-07,GM,Germany,1230
188,2020-05-07,GM01,Baden-Württemberg State,186
189,2020-05-07,GM02,Free State of Bavaria,300
190,2020-05-07,GM03,Free Hanseatic City of Bremen,7
191,2020-05-07,GM04,Free Hanseatic City of Hamburg,53
192,2020-05-07,GM05,Hesse State,112
193,2020-05-07,GM06,Lower Saxony State,70
194,2020-05-07,GM07,North Rhine-Westphalia State,258
195,2020-05-07,GM08,Rhineland-Palatinate State,30
196,2020-05-07,GM09,Saarland State,20
197,2020-05-07,GM10,Schleswig-Holstein State,12
198,2020-05-07,GM11,Brandenburg State,12
199,2020-05-07,GM12,Mecklenburg-Western Pomerania State,2
200,2020-05-07,GM13,Free State of Saxony,36
201,2020-05-07,GM14,Sachsen-Anhalt State,9
202,2020-05-07,GM15,Free State of Thüringia,30
203,2020-05-07,GM16,Berlin State,93
204,2020-05-08,GM,Germany,1185
205,2020-05-08,GM01,Baden-Württemberg State,183
206,2020-05-08,GM02,Free State of Bavaria,287
207,2020-05-08,GM03,Free Hanseatic City of Bremen,7
208,2020-05-08,GM04,Free Hanseatic City of Hamburg,53
209,2020-05-08,GM05,Hesse State,102
210,2020-05-08,GM06,Lower Saxony State,67
211,2020-05-08,GM07,North Rhine-Westphalia State,245
212,2020-05-08,GM08,Rhineland-Palatinate State,28
213,2020-05-08,GM09,Saarland State,19
214,2020-05-08,GM10,Schleswig-Holstein State,11
215,2020-05-08,GM11,Brandenburg State,11
216,2020-05-08,GM12,Mecklenburg-Western Pomerania State,2
217,2020-05-08,GM13,Free State of Saxony,34
218,2020-05-08,GM14,Sachsen-Anhalt State,9
219,2020-05-08,GM15,Free State of Thüringia,32
220,2020-05-08,GM16,Berlin State,95
221,2020-05-09,GM,Germany,1121
222,2020-05-09,GM01,Baden-Württemberg State,166
223,2020-05-09,GM02,Free State of Bavaria,271
224,2020-05-09,GM03,Free Hanseatic City of Bremen,8
225,2020-05-09,GM04,Free Hanseatic City of Hamburg,51
226,2020-05-09,GM05,Hesse State,99
227,2020-05-09,GM06,Lower Saxony State,67
228,2020-05-09,GM07,North Rhine-Westphalia State,234
229,2020-05-09,GM08,Rhineland-Palatinate State,30
230,2020-05-09,GM09,Saarland State,10
231,2020-05-09,GM10,Schleswig-Holstein State,12
232,2020-05-09,GM11,Brandenburg State,11
233,2020-05-09,GM12,Mecklenburg-Western Pomerania State,2
234,2020-05-09,GM13,Free State of Saxony,33
235,2020-05-09,GM14,Sachsen-Anhalt State,9
236,2020-05-09,GM15,Free State of Thüringia,27
237,2020-05-09,GM16,Berlin State,91
238,2020-05-10,GM,Germany,1073
239,2020-05-10,GM01,Baden-Württemberg State,151
240,2020-05-10,GM02,Free State of Bavaria,254
241,2020-05-10,GM03,Free Hanseatic City of Bremen,7
242,2020-05-10,GM04,Free Hanseatic City of Hamburg,52
243,2020-05-10,GM05,Hesse State,99
244,2020-05-10,GM06,Lower Saxony State,63
245,2020-05-10,GM07,North Rhine-Westphalia State,228
246,2020-05-10,GM08,Rhineland-Palatinate State,27
247,2020-05-10,GM09,Saarland State,16
248,2020-05-10,GM10,Schleswig-Holstein State,9
249,2020-05-10,GM11,Brandenburg State,13
250,2020-05-10,GM12,Mecklenburg-Western Pomerania State,1
251,2020-05-10,GM13,Free State of Saxony,30
252,2020-05-10,GM14,Sachsen-Anhalt State,9
253,2020-05-10,GM15,Free State of Thüringia,27
254,2020-05-10,GM16,Berlin State,87
255,2020-05-11,GM,Germany,1063
256,2020-05-11,GM01,Baden-Württemberg State,156
257,2020-05-11,GM02,Free State of Bavaria,251
258,2020-05-11,GM03,Free Hanseatic City of Bremen,7
259,2020-05-11,GM04,Free Hanseatic City of Hamburg,49
260,2020-05-11,GM05,Hesse State,96
261,2020-05-11,GM06,Lower Saxony State,64
262,2020-05-11,GM07,North Rhine-Westphalia State,232
263,2020-05-11,GM08,Rhineland-Palatinate State,27
264,2020-05-11,GM09,Saarland State,14
265,2020-05-11,GM10,Schleswig-Holstein State,9
266,2020-05-11,GM11,Brandenburg State,13
267,2020-05-11,GM12,Mecklenburg-Western Pomerania State,1
268,2020-05-11,GM13,Free State of Saxony,29
269,2020-05-11,GM14,Sachsen-Anhalt State,8
270,2020-05-11,GM15,Free State of Thüringia,25
271,2020-05-11,GM16,Berlin State,82
272,2020-05-12,GM,Germany,1020
273,2020-05-12,GM01,Baden-Württemberg State,146
274,2020-05-12,GM02,Free State of Bavaria,255
275,2020-05-12,GM03,Free Hanseatic City of Bremen,9
276,2020-05-12,GM04,Free Hanseatic City of Hamburg,44
277,2020-05-12,GM05,Hesse State,87
278,2020-05-12,GM06,Lower Saxony State,61
279,2020-05-12,GM07,North Rhine-Westphalia State,214
280,2020-05-12,GM08,Rhineland-Palatinate State,25
281,2020-05-12,GM09,Saarland State,13
282,2020-05-12,GM10,Schleswig-Holstein State,9
283,2020-05-12,GM11,Brandenburg State,13
284,2020-05-12,GM12,Mecklenburg-Western Pomerania State,1
285,2020-05-12,GM13,Free State of Saxony,31
286,2020-05-12,GM14,Sachsen-Anhalt State,8
287,2020-05-12,GM15,Free State of Thüringia,25
288,2020-05-12,GM16,Berlin State,79
289,2020-05-13,GM,Germany,974
290,2020-05-13,GM01,Baden-Württemberg State,137
291,2020-05-13,GM02,Free State of Bavaria,241
292,2020-05-13,GM03,Free Hanseatic City of Bremen,7
293,2020-05-13,GM04,Free Hanseatic City of Hamburg,41
294,2020-05-13,GM05,Hesse State,84
295,2020-05-13,GM06,Lower Saxony State,60
296,2020-05-13,GM07,North Rhine-Westphalia State,202
297,2020-05-13,GM08,Rhineland-Palatinate State,22
298,2020-05-13,GM09,Saarland State,17
299,2020-05-13,GM10,Schleswig-Holstein State,8
300,2020-05-13,GM11,Brandenburg State,13
301,2020-05-13,GM12,Mecklenburg-Western Pomerania State,1
302,2020-05-13,GM13,Free State of Saxony,30
303,2020-05-13,GM14,Sachsen-Anhalt State,9
304,2020-05-13,GM15,Free State of Thüringia,22
305,2020-05-13,GM16,Berlin State,80
306,2020-05-14,GM,Germany,892
307,2020-05-14,GM01,Baden-Württemberg State,123
308,2020-05-14,GM02,Free State of Bavaria,224
309,2020-05-14,GM03,Free Hanseatic City of Bremen,3
310,2020-05-14,GM04,Free Hanseatic City of Hamburg,38
311,2020-05-14,GM05,Hesse State,76
312,2020-05-14,GM06,Lower Saxony State,57
313,2020-05-14,GM07,North Rhine-Westphalia State,186
314,2020-05-14,GM08,Rhineland-Palatinate State,19
315,2020-05-14,GM09,Saarland State,15
316,2020-05-14,GM10,Schleswig-Holstein State,6
317,2020-05-14,GM11,Brandenburg State,12
318,2020-05-14,GM12,Mecklenburg-Western Pomerania State,2
319,2020-05-14,GM13,Free State of Saxony,28
320,2020-05-14,GM14,Sachsen-Anhalt State,7
321,2020-05-14,GM15,Free State of Thüringia,20
322,2020-05-14,GM16,Berlin State,76
323,2020-05-15,GM,Germany,838
324,2020-05-15,GM01,Baden-Württemberg State,113
325,2020-05-15,GM02,Free State of Bavaria,217
326,2020-05-15,GM03,Free Hanseatic City of Bremen,4
327,2020-05-15,GM04,Free Hanseatic City of Hamburg,35
328,2020-05-15,GM05,Hesse State,74
329,2020-05-15,GM06,Lower Saxony State,49
330,2020-05-15,GM07,North Rhine-Westphalia State,174
331,2020-05-15,GM08,Rhineland-Palatinate State,18
332,2020-05-15,GM09,Saarland State,10
333,2020-05-15,GM10,Schleswig-Holstein State,6
334,2020-05-15,GM11,Brandenburg State,9
335,2020-05-15,GM12,Mecklenburg-Western Pomerania State,2
336,2020-05-15,GM13,Free State of Saxony,27
337,2020-05-15,GM14,Sachsen-Anhalt State,7
338,2020-05-15,GM15,Free State of Thüringia,20
339,2020-05-15,GM16,Berlin State,73
340,2020-05-16,GM,Germany,821
341,2020-05-16,GM01,Baden-Württemberg State,117
342,2020-05-16,GM02,Free State of Bavaria,205
343,2020-05-16,GM03,Free Hanseatic City of Bremen,6
344,2020-05-16,GM04,Free Hanseatic City of Hamburg,34
345,2020-05-16,GM05,Hesse State,73
346,2020-05-16,GM06,Lower Saxony State,49
347,2020-05-16,GM07,North Rhine-Westphalia State,162
348,2020-05-16,GM08,Rhineland-Palatinate State,18
349,2020-05-16,GM09,Saarland State,11
350,2020-05-16,GM10,Schleswig-Holstein State,7
351,2020-05-16,GM11,Brandenburg State,11
352,2020-05-16,GM12,Mecklenburg-Western Pomerania State,2
353,2020-05-16,GM13,Free State of Saxony,30
354,2020-05-16,GM14,Sachsen-Anhalt State,7
355,2020-05-16,GM15,Free State of Thüringia,22
356,2020-05-16,GM16,Berlin State,67
357,2020-05-17,GM,Germany,797
358,2020-05-17,GM01,Baden-Württemberg State,118
359,2020-05-17,GM02,Free State of Bavaria,196
360,2020-05-17,GM03,Free Hanseatic City of Bremen,5
361,2020-05-17,GM04,Free Hanseatic City of Hamburg,33
362,2020-05-17,GM05,Hesse State,70
363,2020-05-17,GM06,Lower Saxony State,49
364,2020-05-17,GM07,North Rhine-Westphalia State,156
365,2020-05-17,GM08,Rhineland-Palatinate State,17
366,2020-05-17,GM09,Saarland State,10
367,2020-05-17,GM10,Schleswig-Holstein State,7
368,2020-05-17,GM11,Brandenburg State,10
369,2020-05-17,GM12,Mecklenburg-Western Pomerania State,2
370,2020-05-17,GM13,Free State of Saxony,28
371,2020-05-17,GM14,Sachsen-Anhalt State,6
372,2020-05-17,GM15,Free State of Thüringia,22
373,2020-05-17,GM16,Berlin State,68
374,2020-05-18,GM,Germany,747
375,2020-05-18,GM01,Baden-Württemberg State,113
376,2020-05-18,GM02,Free State of Bavaria,178
377,2020-05-18,GM03,Free Hanseatic City of Bremen,4
378,2020-05-18,GM04,Free Hanseatic City of Hamburg,32
379,2020-05-18,GM05,Hesse State,72
380,2020-05-18,GM06,Lower Saxony State,44
381,2020-05-18,GM07,North Rhine-Westphalia State,146
382,2020-05-18,GM08,Rhineland-Palatinate State,18
383,2020-05-18,GM09,Saarland State,7
384,2020-05-18,GM10,Schleswig-Holstein State,6
385,2020-05-18,GM11,Brandenburg State,9
386,2020-05-18,GM12,Mecklenburg-Western Pomerania State,2
387,2020-05-18,GM13,Free State of Saxony,25
388,2020-05-18,GM14,Sachsen-Anhalt State,6
389,2020-05-18,GM15,Free State of Thüringia,20
390,2020-05-18,GM16,Berlin State,65
391,2020-05-19,GM,Germany,716
392,2020-05-19,GM01,Baden-Württemberg State,113
393,2020-05-19,GM02,Free State of Bavaria,181
394,2020-05-19,GM03,Free Hanseatic City of Bremen,5
395,2020-05-19,GM04,Free Hanseatic City of Hamburg,30
396,2020-05-19,GM05,Hesse State,65
397,2020-05-19,GM06,Lower Saxony State,37
398,2020-05-19,GM07,North Rhine-Westphalia State,138
399,2020-05-19,GM08,Rhineland-Palatinate State,16
400,2020-05-19,GM09,Saarland State,8
401,2020-05-19,GM10,Schleswig-Holstein State,6
402,2020-05-19,GM11,Brandenburg State,9
403,2020-05-19,GM12,Mecklenburg-Western Pomerania State,2
404,2020-05-19,GM13,Free State of Saxony,18
405,2020-05-19,GM14,Sachsen-Anhalt State,6
406,2020-05-19,GM15,Free State of Thüringia,16
407,2020-05-19,GM16,Berlin State,66
408,2020-05-20,GM,Germany,672
409,2020-05-20,GM01,Baden-Württemberg State,111
410,2020-05-20,GM02,Free State of Bavaria,165
411,2020-05-20,GM03,Free Hanseatic City of Bremen,5
412,2020-05-20,GM04,Free Hanseatic City of Hamburg,26
413,2020-05-20,GM05,Hesse State,65
414,2020-05-20,GM06,Lower Saxony State,35
415,2020-05-20,GM07,North Rhine-Westphalia State,126
416,2020-05-20,GM08,Rhineland-Palatinate State,15
417,2020-05-20,GM09,Saarland State,7
418,2020-05-20,GM10,Schleswig-Holstein State,7
419,2020-05-20,GM11,Brandenburg State,11
420,2020-05-20,GM12,Mecklenburg-Western Pomerania State,2
421,2020-05-20,GM13,Free State of Saxony,16
422,2020-05-20,GM14,Sachsen-Anhalt State,5
423,2020-05-20,GM15,Free State of Thüringia,14
424,2020-05-20,GM16,Berlin State,62
425,2020-05-21,GM,Germany,651
426,2020-05-21,GM01,Baden-Württemberg State,97
427,2020-05-21,GM02,Free State of Bavaria,169
428,2020-05-21,GM03,Free Hanseatic City of Bremen,5
429,2020-05-21,GM04,Free Hanseatic City of Hamburg,26
430,2020-05-21,GM05,Hesse State,63
431,2020-05-21,GM06,Lower Saxony State,32
432,2020-05-21,GM07,North Rhine-Westphalia State,123
433,2020-05-21,GM08,Rhineland-Palatinate State,19
434,2020-05-21,GM09,Saarland State,6
435,2020-05-21,GM10,Schleswig-Holstein State,6
436,2020-05-21,GM11,Brandenburg State,9
437,2020-05-21,GM12,Mecklenburg-Western Pomerania State,2
438,2020-05-21,GM13,Free State of Saxony,15
439,2020-05-21,GM14,Sachsen-Anhalt State,5
440,2020-05-21,GM15,Free State of Thüringia,14
441,2020-05-21,GM16,Berlin State,60
442,2020-05-22,GM,Germany,597
443,2020-05-22,GM01,Baden-Württemberg State,96
444,2020-05-22,GM02,Free State of Bavaria,141
445,2020-05-22,GM03,Free Hanseatic City of Bremen,5
446,2020-05-22,GM04,Free Hanseatic City of Hamburg,25
447,2020-05-22,GM05,Hesse State,58
448,2020-05-22,GM06,Lower Saxony State,30
449,2020-05-22,GM07,North Rhine-Westphalia State,115
450,2020-05-22,GM08,Rhineland-Palatinate State,15
451,2020-05-22,GM09,Saarland State,5
452,2020-05-22,GM10,Schleswig-Holstein State,6
453,2020-05-22,GM11,Brandenburg State,8
454,2020-05-22,GM12,Mecklenburg-Western Pomerania State,2
455,2020-05-22,GM13,Free State of Saxony,17
456,2020-05-22,GM14,Sachsen-Anhalt State,6
457,2020-05-22,GM15,Free State of Thüringia,13
458,2020-05-22,GM16,Berlin State,55
459,2020-05-23,GM,Germany,578
460,2020-05-23,GM01,Baden-Württemberg State,83
461,2020-05-23,GM02,Free State of Bavaria,144
462,2020-05-23,GM03,Free Hanseatic City of Bremen,5
463,2020-05-23,GM04,Free Hanseatic City of Hamburg,22
464,2020-05-23,GM05,Hesse State,57
465,2020-05-23,GM06,Lower Saxony State,33
466,2020-05-23,GM07,North Rhine-Westphalia State,113
467,2020-05-23,GM08,Rhineland-Palatinate State,14
468,2020-05-23,GM09,Saarland State,3
469,2020-05-23,GM10,Schleswig-Holstein State,6
470,2020-05-23,GM11,Brandenburg State,7
471,2020-05-23,GM12,Mecklenburg-Western Pomerania State,1
472,2020-05-23,GM13,Free State of Saxony,15
473,2020-05-23,GM14,Sachsen-Anhalt State,6
474,2020-05-23,GM15,Free State of Thüringia,13
475,2020-05-23,GM16,Berlin State,56
476,2020-05-24,GM,Germany,562
477,2020-05-24,GM01,Baden-Württemberg State,75
478,2020-05-24,GM02,Free State of Bavaria,144
479,2020-05-24,GM03,Free Hanseatic City of Bremen,3
480,2020-05-24,GM04,Free Hanseatic City of Hamburg,22
481,2020-05-24,GM05,Hesse State,57
482,2020-05-24,GM06,Lower Saxony State,29
483,2020-05-24,GM07,North Rhine-Westphalia State,111
484,2020-05-24,GM08,Rhineland-Palatinate State,13
485,2020-05-24,GM09,Saarland State,3
486,2020-05-24,GM10,Schleswig-Holstein State,6
487,2020-05-24,GM11,Brandenburg State,8
488,2020-05-24,GM12,Mecklenburg-Western Pomerania State,1
489,2020-05-24,GM13,Free State of Saxony,18
490,2020-05-24,GM14,Sachsen-Anhalt State,5
491,2020-05-24,GM15,Free State of Thüringia,12
492,2020-05-24,GM16,Berlin State,55
493,2020-05-25,GM,Germany,547
494,2020-05-25,GM01,Baden-Württemberg State,74
495,2020-05-25,GM02,Free State of Bavaria,146
496,2020-05-25,GM03,Free Hanseatic City of Bremen,5
497,2020-05-25,GM04,Free Hanseatic City of Hamburg,21
498,2020-05-25,GM05,Hesse State,54
499,2020-05-25,GM06,Lower Saxony State,27
500,2020-05-25,GM07,North Rhine-Westphalia State,99
501,2020-05-25,GM08,Rhineland-Palatinate State,13
502,2020-05-25,GM09,Saarland State,3
503,2020-05-25,GM10,Schleswig-Holstein State,6
504,2020-05-25,GM11,Brandenburg State,7
505,2020-05-25,GM12,Mecklenburg-Western Pomerania State,1
506,2020-05-25,GM13,Free State of Saxony,18
507,2020-05-25,GM14,Sachsen-Anhalt State,5
508,2020-05-25,GM15,Free State of Thüringia,12
509,2020-05-25,GM16,Berlin State,56
510,2020-05-26,GM,Germany,525
511,2020-05-26,GM01,Baden-Württemberg State,71
512,2020-05-26,GM02,Free State of Bavaria,136
513,2020-05-26,GM03,Free Hanseatic City of Bremen,4
514,2020-05-26,GM04,Free Hanseatic City of Hamburg,18
515,2020-05-26,GM05,Hesse State,52
516,2020-05-26,GM06,Lower Saxony State,27
517,2020-05-26,GM07,North Rhine-Westphalia State,101
518,2020-05-26,GM08,Rhineland-Palatinate State,12
519,2020-05-26,GM09,Saarland State,5
520,2020-05-26,GM10,Schleswig-Holstein State,4
521,2020-05-26,GM11,Brandenburg State,6
522,2020-05-26,GM12,Mecklenburg-Western Pomerania State,1
523,2020-05-26,GM13,Free State of Saxony,17
524,2020-05-26,GM14,Sachsen-Anhalt State,5
525,2020-05-26,GM15,Free State of Thüringia,12
526,2020-05-26,GM16,Berlin State,54
527,2020-05-27,GM,Germany,482
528,2020-05-27,GM01,Baden-Württemberg State,73
529,2020-05-27,GM02,Free State of Bavaria,127
530,2020-05-27,GM03,Free Hanseatic City of Bremen,5
531,2020-05-27,GM04,Free Hanseatic City of Hamburg,18
532,2020-05-27,GM05,Hesse State,46
533,2020-05-27,GM06,Lower Saxony State,23
534,2020-05-27,GM07,North Rhine-Westphalia State,92
535,2020-05-27,GM08,Rhineland-Palatinate State,13
536,2020-05-27,GM09,Saarland State,3
537,2020-05-27,GM10,Schleswig-Holstein State,3
538,2020-05-27,GM11,Brandenburg State,4
539,2020-05-27,GM12,Mecklenburg-Western Pomerania State,1
540,2020-05-27,GM13,Free State of Saxony,16
541,2020-05-27,GM14,Sachsen-Anhalt State,4
542,2020-05-27,GM15,Free State of Thüringia,11
543,2020-05-27,GM16,Berlin State,43
544,2020-05-28,GM,Germany,451
545,2020-05-28,GM01,Baden-Württemberg State,61
546,2020-05-28,GM02,Free State of Bavaria,117
547,2020-05-28,GM03,Free Hanseatic City of Bremen,5
548,2020-05-28,GM04,Free Hanseatic City of Hamburg,18
549,2020-05-28,GM05,Hesse State,43
550,2020-05-28,GM06,Lower Saxony State,23
551,2020-05-28,GM07,North Rhine-Westphalia State,90
552,2020-05-28,GM08,Rhineland-Palatinate State,12
553,2020-05-28,GM09,Saarland State,2
554,2020-05-28,GM10,Schleswig-Holstein State,3
555,2020-05-28,GM11,Brandenburg State,3
556,2020-05-28,GM12,Mecklenburg-Western Pomerania State,1
557,2020-05-28,GM13,Free State of Saxony,16
558,2020-05-28,GM14,Sachsen-Anhalt State,4
559,2020-05-28,GM15,Free State of Thüringia,9
560,2020-05-28,GM16,Berlin State,44
561,2020-05-29,GM,Germany,426
562,2020-05-29,GM01,Baden-Württemberg State,60
563,2020-05-29,GM02,Free State of Bavaria,110
564,2020-05-29,GM03,Free Hanseatic City of Bremen,6
565,2020-05-29,GM04,Free Hanseatic City of Hamburg,19
566,2020-05-29,GM05,Hesse State,31
567,2020-05-29,GM06,Lower Saxony State,26
568,2020-05-29,GM07,North Rhine-Westphalia State,86
569,2020-05-29,GM08,Rhineland-Palatinate State,9
570,2020-05-29,GM09,Saarland State,2
571,2020-05-29,GM10,Schleswig-Holstein State,4
572,2020-05-29,GM11,Brandenburg State,2
573,2020-05-29,GM12,Mecklenburg-Western Pomerania State,1
574,2020-05-29,GM13,Free State of Saxony,14
575,2020-05-29,GM14,Sachsen-Anhalt State,6
576,2020-05-29,GM15,Free State of Thüringia,6
577,2020-05-29,GM16,Berlin State,44
578,2020-05-30,GM,Germany,421
579,2020-05-30,GM01,Baden-Württemberg State,65
580,2020-05-30,GM02,Free State of Bavaria,111
581,2020-05-30,GM03,Free Hanseatic City of Bremen,5
582,2020-05-30,GM04,Free Hanseatic City of Hamburg,19
583,2020-05-30,GM05,Hesse State,32
584,2020-05-30,GM06,Lower Saxony State,27
585,2020-05-30,GM07,North Rhine-Westphalia State,78
586,2020-05-30,GM08,Rhineland-Palatinate State,7
587,2020-05-30,GM09,Saarland State,4
588,2020-05-30,GM10,Schleswig-Holstein State,3
589,2020-05-30,GM11,Brandenburg State,2
590,2020-05-30,GM12,Mecklenburg-Western Pomerania State,1
591,2020-05-30,GM13,Free State of Saxony,14
592,2020-05-30,GM14,Sachsen-Anhalt State,6
593,2020-05-30,GM15,Free State of Thüringia,6
594,2020-05-30,GM16,Berlin State,41
595,2020-05-31,GM,Germany,410
596,2020-05-31,GM01,Baden-Württemberg State,58
597,2020-05-31,GM02,Free State of Bavaria,109
598,2020-05-31,GM03,Free Hanseatic City of Bremen,4
599,2020-05-31,GM04,Free Hanseatic City of Hamburg,19
600,2020-05-31,GM05,Hesse State,28
601,2020-05-31,GM06,Lower Saxony State,28
602,2020-05-31,GM07,North Rhine-Westphalia State,79
603,2020-05-31,GM08,Rhineland-Palatinate State,5
604,2020-05-31,GM09,Saarland State,4
605,2020-05-31,GM10,Schleswig-Holstein State,3
606,2020-05-31,GM11,Brandenburg State,2
607,2020-05-31,GM12,Mecklenburg-Western Pomerania State,1
608,2020-05-31,GM13,Free State of Saxony,15
609,2020-05-31,GM14,Sachsen-Anhalt State,6
610,2020-05-31,GM15,Free State of Thüringia,7
611,2020-05-31,GM16,Berlin State,42
612,2020-06-01,GM,Germany,385
613,2020-06-01,GM01,Baden-Württemberg State,56
614,2020-06-01,GM02,Free State of Bavaria,98
615,2020-06-01,GM03,Free Hanseatic City of Bremen,4
616,2020-06-01,GM04,Free Hanseatic City of Hamburg,19
617,2020-06-01,GM05,Hesse State,30
618,2020-06-01,GM06,Lower Saxony State,24
619,2020-06-01,GM07,North Rhine-Westphalia State,68
620,2020-06-01,GM08,Rhineland-Palatinate State,7
621,2020-06-01,GM09,Saarland State,5
622,2020-06-01,GM10,Schleswig-Holstein State,3
623,2020-06-01,GM11,Brandenburg State,2
624,2020-06-01,GM12,Mecklenburg-Western Pomerania State,1
625,2020-06-01,GM13,Free State of Saxony,14
626,2020-06-01,GM14,Sachsen-Anhalt State,6
627,2020-06-01,GM15,Free State of Thüringia,4
628,2020-06-01,GM16,Berlin State,44
629,2020-06-02,GM,Germany,378
630,2020-06-02,GM01,Baden-Württemberg State,50
631,2020-06-02,GM02,Free State of Bavaria,94
632,2020-06-02,GM03,Free Hanseatic City of Bremen,4
633,2020-06-02,GM04,Free Hanseatic City of Hamburg,19
634,2020-06-02,GM05,Hesse State,30
635,2020-06-02,GM06,Lower Saxony State,25
636,2020-06-02,GM07,North Rhine-Westphalia State,67
637,2020-06-02,GM08,Rhineland-Palatinate State,8
638,2020-06-02,GM09,Saarland State,3
639,2020-06-02,GM10,Schleswig-Holstein State,3
640,2020-06-02,GM11,Brandenburg State,2
641,2020-06-02,GM12,Mecklenburg-Western Pomerania State,1
642,2020-06-02,GM13,Free State of Saxony,12
643,2020-06-02,GM14,Sachsen-Anhalt State,6
644,2020-06-02,GM15,Free State of Thüringia,6
645,2020-06-02,GM16,Berlin State,48
646,2020-06-03,GM,Germany,360
647,2020-06-03,GM01,Baden-Württemberg State,47
648,2020-06-03,GM02,Free State of Bavaria,85
649,2020-06-03,GM03,Free Hanseatic City of Bremen,4
650,2020-06-03,GM04,Free Hanseatic City of Hamburg,18
651,2020-06-03,GM05,Hesse State,28
652,2020-06-03,GM06,Lower Saxony State,25
653,2020-06-03,GM07,North Rhine-Westphalia State,68
654,2020-06-03,GM08,Rhineland-Palatinate State,6
655,2020-06-03,GM09,Saarland State,3
656,2020-06-03,GM10,Schleswig-Holstein State,2
657,2020-06-03,GM11,Brandenburg State,1
658,2020-06-03,GM12,Mecklenburg-Western Pomerania State,1
659,2020-06-03,GM13,Free State of Saxony,13
660,2020-06-03,GM14,Sachsen-Anhalt State,6
661,2020-06-03,GM15,Free State of Thüringia,6
662,2020-06-03,GM16,Berlin State,47
663,2020-06-04,GM,Germany,341
664,2020-06-04,GM01,Baden-Württemberg State,40
665,2020-06-04,GM02,Free State of Bavaria,87
666,2020-06-04,GM03,Free Hanseatic City of Bremen,2
667,2020-06-04,GM04,Free Hanseatic City of Hamburg,16
668,2020-06-04,GM05,Hesse State,28
669,2020-06-04,GM06,Lower Saxony State,22
670,2020-06-04,GM07,North Rhine-Westphalia State,62
671,2020-06-04,GM08,Rhineland-Palatinate State,6
672,2020-06-04,GM09,Saarland State,3
673,2020-06-04,GM10,Schleswig-Holstein State,2
674,2020-06-04,GM11,Brandenburg State,1
675,2020-06-04,GM12,Mecklenburg-Western Pomerania State,1
676,2020-06-04,GM13,Free State of Saxony,13
677,2020-06-04,GM14,Sachsen-Anhalt State,6
678,2020-06-04,GM15,Free State of Thüringia,6
679,2020-06-04,GM16,Berlin State,46
680,2020-06-05,GM,Germany,339
681,2020-06-05,GM01,Baden-Württemberg State,42
682,2020-06-05,GM02,Free State of Bavaria,77
683,2020-06-05,GM03,Free Hanseatic City of Bremen,3
684,2020-06-05,GM04,Free Hanseatic City of Hamburg,16
685,2020-06-05,GM05,Hesse State,27
686,2020-06-05,GM06,Lower Saxony State,23
687,2020-06-05,GM07,North Rhine-Westphalia State,65
688,2020-06-05,GM08,Rhineland-Palatinate State,8
689,2020-06-05,GM09,Saarland State,3
690,2020-06-05,GM10,Schleswig-Holstein State,1
691,2020-06-05,GM11,Brandenburg State,2
692,2020-06-05,GM12,Mecklenburg-Western Pomerania State,1
693,2020-06-05,GM13,Free State of Saxony,14
694,2020-06-05,GM14,Sachsen-Anhalt State,7
695,2020-06-05,GM15,Free State of Thüringia,6
696,2020-06-05,GM16,Berlin State,44
697,2020-06-06,GM,Germany,337
698,2020-06-06,GM01,Baden-Württemberg State,41
699,2020-06-06,GM02,Free State of Bavaria,77
700,2020-06-06,GM03,Free Hanseatic City of Bremen,3
701,2020-06-06,GM04,Free Hanseatic City of Hamburg,16
702,2020-06-06,GM05,Hesse State,27
703,2020-06-06,GM06,Lower Saxony State,23
704,2020-06-06,GM07,North Rhine-Westphalia State,65
705,2020-06-06,GM08,Rhineland-Palatinate State,9
706,2020-06-06,GM09,Saarland State,4
707,2020-06-06,GM10,Schleswig-Holstein State,0
708,2020-06-06,GM11,Brandenburg State,2
709,2020-06-06,GM12,Mecklenburg-Western Pomerania State,1
710,2020-06-06,GM13,Free State of Saxony,13
711,2020-06-06,GM14,Sachsen-Anhalt State,7
712,2020-06-06,GM15,Free State of Thüringia,6
713,2020-06-06,GM16,Berlin State,43
714,2020-06-07,GM,Germany,330
715,2020-06-07,GM01,Baden-Württemberg State,39
716,2020-06-07,GM02,Free State of Bavaria,75
717,2020-06-07,GM03,Free Hanseatic City of Bremen,4
718,2020-06-07,GM04,Free Hanseatic City of Hamburg,16
719,2020-06-07,GM05,Hesse State,25
720,2020-06-07,GM06,Lower Saxony State,27
721,2020-06-07,GM07,North Rhine-Westphalia State,65
722,2020-06-07,GM08,Rhineland-Palatinate State,10
723,2020-06-07,GM09,Saarland State,3
724,2020-06-07,GM10,Schleswig-Holstein State,0
725,2020-06-07,GM11,Brandenburg State,0
726,2020-06-07,GM12,Mecklenburg-Western Pomerania State,1
727,2020-06-07,GM13,Free State of Saxony,9
728,2020-06-07,GM14,Sachsen-Anhalt State,7
729,2020-06-07,GM15,Free State of Thüringia,6
730,2020-06-07,GM16,Berlin State,43
731,2020-06-08,GM,Germany,316
732,2020-06-08,GM01,Baden-Württemberg State,40
733,2020-06-08,GM02,Free State of Bavaria,73
734,2020-06-08,GM03,Free Hanseatic City of Bremen,3
735,2020-06-08,GM04,Free Hanseatic City of Hamburg,16
736,2020-06-08,GM05,Hesse State,25
737,2020-06-08,GM06,Lower Saxony State,26
738,2020-06-08,GM07,North Rhine-Westphalia State,62
739,2020-06-08,GM08,Rhineland-Palatinate State,9
740,2020-06-08,GM09,Saarland State,2
741,2020-06-08,GM10,Schleswig-Holstein State,0
742,2020-06-08,GM11,Brandenburg State,0
743,2020-06-08,GM12,Mecklenburg-Western Pomerania State,1
744,2020-06-08,GM13,Free State of Saxony,7
745,2020-06-08,GM14,Sachsen-Anhalt State,6
746,2020-06-08,GM15,Free State of Thüringia,6
747,2020-06-08,GM16,Berlin State,40
748,2020-06-09,GM,Germany,320
749,2020-06-09,GM01,Baden-Württemberg State,36
750,2020-06-09,GM02,Free State of Bavaria,73
751,2020-06-09,GM03,Free Hanseatic City of Bremen,5
752,2020-06-09,GM04,Free Hanseatic City of Hamburg,16
753,2020-06-09,GM05,Hesse State,26
754,2020-06-09,GM06,Lower Saxony State,32
755,2020-06-09,GM07,North Rhine-Westphalia State,60
756,2020-06-09,GM08,Rhineland-Palatinate State,10
757,2020-06-09,GM09,Saarland State,2
758,2020-06-09,GM10,Schleswig-Holstein State,0
759,2020-06-09,GM11,Brandenburg State,0
760,2020-06-09,GM12,Mecklenburg-Western Pomerania State,2
761,2020-06-09,GM13,Free State of Saxony,9
762,2020-06-09,GM14,Sachsen-Anhalt State,4
763,2020-06-09,GM15,Free State of Thüringia,7
764,2020-06-09,GM16,Berlin State,38
765,2020-06-10,GM,Germany,293
766,2020-06-10,GM01,Baden-Württemberg State,35
767,2020-06-10,GM02,Free State of Bavaria,68
768,2020-06-10,GM03,Free Hanseatic City of Bremen,5
769,2020-06-10,GM04,Free Hanseatic City of Hamburg,16
770,2020-06-10,GM05,Hesse State,26
771,2020-06-10,GM06,Lower Saxony State,27
772,2020-06-10,GM07,North Rhine-Westphalia State,52
773,2020-06-10,GM08,Rhineland-Palatinate State,7
774,2020-06-10,GM09,Saarland State,2
775,2020-06-10,GM10,Schleswig-Holstein State,0
776,2020-06-10,GM11,Brandenburg State,0
777,2020-06-10,GM12,Mecklenburg-Western Pomerania State,2
778,2020-06-10,GM13,Free State of Saxony,9
779,2020-06-10,GM14,Sachsen-Anhalt State,3
780,2020-06-10,GM15,Free State of Thüringia,5
781,2020-06-10,GM16,Berlin State,36
782,2020-06-11,GM,Germany,281
783,2020-06-11,GM01,Baden-Württemberg State,34
784,2020-06-11,GM02,Free State of Bavaria,65
785,2020-06-11,GM03,Free Hanseatic City of Bremen,3
786,2020-06-11,GM04,Free Hanseatic City of Hamburg,16
787,2020-06-11,GM05,Hesse State,26
788,2020-06-11,GM06,Lower Saxony State,24
789,2020-06-11,GM07,North Rhine-Westphalia State,49
790,2020-06-11,GM08,Rhineland-Palatinate State,7
791,2020-06-11,GM09,Saarland State,2
792,2020-06-11,GM10,Schleswig-Holstein State,0
793,2020-06-11,GM11,Brandenburg State,0
794,2020-06-11,GM12,Mecklenburg-Western Pomerania State,2
795,2020-06-11,GM13,Free State of Saxony,8
796,2020-06-11,GM14,Sachsen-Anhalt State,4
797,2020-06-11,GM15,Free State of Thüringia,5
798,2020-06-11,GM16,Berlin State,36
799,2020-06-12,GM,Germany,274
800,2020-06-12,GM01,Baden-Württemberg State,34
801,2020-06-12,GM02,Free State of Bavaria,60
802,2020-06-12,GM03,Free Hanseatic City of Bremen,3
803,2020-06-12,GM04,Free Hanseatic City of Hamburg,14
804,2020-06-12,GM05,Hesse State,26
805,2020-06-12,GM06,Lower Saxony State,26
806,2020-06-12,GM07,North Rhine-Westphalia State,48
807,2020-06-12,GM08,Rhineland-Palatinate State,5
808,2020-06-12,GM09,Saarland State,2
809,2020-06-12,GM10,Schleswig-Holstein State,0
810,2020-06-12,GM11,Brandenburg State,0
811,2020-06-12,GM12,Mecklenburg-Western Pomerania State,1
812,2020-06-12,GM13,Free State of Saxony,10
813,2020-06-12,GM14,Sachsen-Anhalt State,4
814,2020-06-12,GM15,Free State of Thüringia,5
815,2020-06-12,GM16,Berlin State,36
816,2020-06-13,GM,Germany,262
817,2020-06-13,GM01,Baden-Württemberg State,35
818,2020-06-13,GM02,Free State of Bavaria,58
819,2020-06-13,GM03,Free Hanseatic City of Bremen,3
820,2020-06-13,GM04,Free Hanseatic City of Hamburg,12
821,2020-06-13,GM05,Hesse State,25
822,2020-06-13,GM06,Lower Saxony State,24
823,2020-06-13,GM07,North Rhine-Westphalia State,45
824,2020-06-13,GM08,Rhineland-Palatinate State,4
825,2020-06-13,GM09,Saarland State,2
826,2020-06-13,GM10,Schleswig-Holstein State,1
827,2020-06-13,GM11,Brandenburg State,0
828,2020-06-13,GM12,Mecklenburg-Western Pomerania State,1
829,2020-06-13,GM13,Free State of Saxony,10
830,2020-06-13,GM14,Sachsen-Anhalt State,4
831,2020-06-13,GM15,Free State of Thüringia,6
832,2020-06-13,GM16,Berlin State,32
833,2020-06-14,GM,Germany,256
834,2020-06-14,GM01,Baden-Württemberg State,32
835,2020-06-14,GM02,Free State of Bavaria,60
836,2020-06-14,GM03,Free Hanseatic City of Bremen,2
837,2020-06-14,GM04,Free Hanseatic City of Hamburg,11
838,2020-06-14,GM05,Hesse State,24
839,2020-06-14,GM06,Lower Saxony State,22
840,2020-06-14,GM07,North Rhine-Westphalia State,42
841,2020-06-14,GM08,Rhineland-Palatinate State,5
842,2020-06-14,GM09,Saarland State,2
843,2020-06-14,GM10,Schleswig-Holstein State,1
844,2020-06-14,GM11,Brandenburg State,0
845,2020-06-14,GM12,Mecklenburg-Western Pomerania State,1
846,2020-06-14,GM13,Free State of Saxony,9
847,2020-06-14,GM14,Sachsen-Anhalt State,4
848,2020-06-14,GM15,Free State of Thüringia,5
849,2020-06-14,GM16,Berlin State,36
850,2020-06-15,GM,Germany,262
851,2020-06-15,GM01,Baden-Württemberg State,35
852,2020-06-15,GM02,Free State of Bavaria,62
853,2020-06-15,GM03,Free Hanseatic City of Bremen,3
854,2020-06-15,GM04,Free Hanseatic City of Hamburg,11
855,2020-06-15,GM05,Hesse State,25
856,2020-06-15,GM06,Lower Saxony State,22
857,2020-06-15,GM07,North Rhine-Westphalia State,42
858,2020-06-15,GM08,Rhineland-Palatinate State,6
859,2020-06-15,GM09,Saarland State,2
860,2020-06-15,GM10,Schleswig-Holstein State,1
861,2020-06-15,GM11,Brandenburg State,0
862,2020-06-15,GM12,Mecklenburg-Western Pomerania State,1
863,2020-06-15,GM13,Free State of Saxony,9
864,2020-06-15,GM14,Sachsen-Anhalt State,4
865,2020-06-15,GM15,Free State of Thüringia,4
866,2020-06-15,GM16,Berlin State,35
867,2020-06-16,GM,Germany,258
868,2020-06-16,GM01,Baden-Württemberg State,34
869,2020-06-16,GM02,Free State of Bavaria,60
870,2020-06-16,GM03,Free Hanseatic City of Bremen,4
871,2020-06-16,GM04,Free Hanseatic City of Hamburg,11
872,2020-06-16,GM05,Hesse State,24
873,2020-06-16,GM06,Lower Saxony State,22
874,2020-06-16,GM07,North Rhine-Westphalia State,43
875,2020-06-16,GM08,Rhineland-Palatinate State,6
876,2020-06-16,GM09,Saarland State,1
877,2020-06-16,GM10,Schleswig-Holstein State,0
878,2020-06-16,GM11,Brandenburg State,0
879,2020-06-16,GM12,Mecklenburg-Western Pomerania State,1
880,2020-06-16,GM13,Free State of Saxony,11
881,2020-06-16,GM14,Sachsen-Anhalt State,4
882,2020-06-16,GM15,Free State of Thüringia,2
883,2020-06-16,GM16,Berlin State,35
884,2020-06-17,GM,Germany,252
885,2020-06-17,GM01,Baden-Württemberg State,31
886,2020-06-17,GM02,Free State of Bavaria,52
887,2020-06-17,GM03,Free Hanseatic City of Bremen,4
888,2020-06-17,GM04,Free Hanseatic City of Hamburg,12
889,2020-06-17,GM05,Hesse State,25
890,2020-06-17,GM06,Lower Saxony State,21
891,2020-06-17,GM07,North Rhine-Westphalia State,46
892,2020-06-17,GM08,Rhineland-Palatinate State,6
893,2020-06-17,GM09,Saarland State,2
894,2020-06-17,GM10,Schleswig-Holstein State,0
895,2020-06-17,GM11,Brandenburg State,1
896,2020-06-17,GM12,Mecklenburg-Western Pomerania State,1
897,2020-06-17,GM13,Free State of Saxony,11
898,2020-06-17,GM14,Sachsen-Anhalt State,4
899,2020-06-17,GM15,Free State of Thüringia,1
900,2020-06-17,GM16,Berlin State,35
901,2020-06-18,GM,Germany,240
902,2020-06-18,GM01,Baden-Württemberg State,28
903,2020-06-18,GM02,Free State of Bavaria,49
904,2020-06-18,GM03,Free Hanseatic City of Bremen,2
905,2020-06-18,GM04,Free Hanseatic City of Hamburg,11
906,2020-06-18,GM05,Hesse State,25
907,2020-06-18,GM06,Lower Saxony State,20
908,2020-06-18,GM07,North Rhine-Westphalia State,43
909,2020-06-18,GM08,Rhineland-Palatinate State,6
910,2020-06-18,GM09,Saarland State,2
911,2020-06-18,GM10,Schleswig-Holstein State,0
912,2020-06-18,GM11,Brandenburg State,0
913,2020-06-18,GM12,Mecklenburg-Western Pomerania State,1
914,2020-06-18,GM13,Free State of Saxony,10
915,2020-06-18,GM14,Sachsen-Anhalt State,4
916,2020-06-18,GM15,Free State of Thüringia,1
917,2020-06-18,GM16,Berlin State,38
918,2020-06-19,GM,Germany,227
919,2020-06-19,GM01,Baden-Württemberg State,28
920,2020-06-19,GM02,Free State of Bavaria,43
921,2020-06-19,GM03,Free Hanseatic City of Bremen,3
922,2020-06-19,GM04,Free Hanseatic City of Hamburg,11
923,2020-06-19,GM05,Hesse State,21
924,2020-06-19,GM06,Lower Saxony State,22
925,2020-06-19,GM07,North Rhine-Westphalia State,38
926,2020-06-19,GM08,Rhineland-Palatinate State,6
927,2020-06-19,GM09,Saarland State,3
928,2020-06-19,GM10,Schleswig-Holstein State,0
929,2020-06-19,GM11,Brandenburg State,0
930,2020-06-19,GM12,Mecklenburg-Western Pomerania State,1
931,2020-06-19,GM13,Free State of Saxony,10
932,2020-06-19,GM14,Sachsen-Anhalt State,4
933,2020-06-19,GM15,Free State of Thüringia,1
934,2020-06-19,GM16,Berlin State,36
935,2020-06-20,GM,Germany,219
936,2020-06-20,GM01,Baden-Württemberg State,28
937,2020-06-20,GM02,Free State of Bavaria,41
938,2020-06-20,GM03,Free Hanseatic City of Bremen,3
939,2020-06-20,GM04,Free Hanseatic City of Hamburg,10
940,2020-06-20,GM05,Hesse State,21
941,2020-06-20,GM06,Lower Saxony State,19
942,2020-06-20,GM07,North Rhine-Westphalia State,33
943,2020-06-20,GM08,Rhineland-Palatinate State,6
944,2020-06-20,GM09,Saarland State,3
945,2020-06-20,GM10,Schleswig-Holstein State,0
946,2020-06-20,GM11,Brandenburg State,1
947,2020-06-20,GM12,Mecklenburg-Western Pomerania State,1
948,2020-06-20,GM13,Free State of Saxony,10
949,2020-06-20,GM14,Sachsen-Anhalt State,4
950,2020-06-20,GM15,Free State of Thüringia,1
951,2020-06-20,GM16,Berlin State,38
952,2020-06-21,GM,Germany,198
953,2020-06-21,GM01,Baden-Württemberg State,27
954,2020-06-21,GM02,Free State of Bavaria,30
955,2020-06-21,GM03,Free Hanseatic City of Bremen,3
956,2020-06-21,GM04,Free Hanseatic City of Hamburg,10
957,2020-06-21,GM05,Hesse State,20
958,2020-06-21,GM06,Lower Saxony State,17
959,2020-06-21,GM07,North Rhine-Westphalia State,33
960,2020-06-21,GM08,Rhineland-Palatinate State,5
961,2020-06-21,GM09,Saarland State,3
962,2020-06-21,GM10,Schleswig-Holstein State,0
963,2020-06-21,GM11,Brandenburg State,1
964,2020-06-21,GM12,Mecklenburg-Western Pomerania State,1
965,2020-06-21,GM13,Free State of Saxony,9
966,2020-06-21,GM14,Sachsen-Anhalt State,3
967,2020-06-21,GM15,Free State of Thüringia,1
968,2020-06-21,GM16,Berlin State,35
969,2020-06-22,GM,Germany,201
970,2020-06-22,GM01,Baden-Württemberg State,28
971,2020-06-22,GM02,Free State of Bavaria,29
972,2020-06-22,GM03,Free Hanseatic City of Bremen,3
973,2020-06-22,GM04,Free Hanseatic City of Hamburg,10
974,2020-06-22,GM05,Hesse State,19
975,2020-06-22,GM06,Lower Saxony State,17
976,2020-06-22,GM07,North Rhine-Westphalia State,37
977,2020-06-22,GM08,Rhineland-Palatinate State,4
978,2020-06-22,GM09,Saarland State,3
979,2020-06-22,GM10,Schleswig-Holstein State,0
980,2020-06-22,GM11,Brandenburg State,1
981,2020-06-22,GM12,Mecklenburg-Western Pomerania State,1
982,2020-06-22,GM13,Free State of Saxony,9
983,2020-06-22,GM14,Sachsen-Anhalt State,3
984,2020-06-22,GM15,Free State of Thüringia,2
985,2020-06-22,GM16,Berlin State,35
986,2020-06-23,GM,Germany,194
987,2020-06-23,GM01,Baden-Württemberg State,28
988,2020-06-23,GM02,Free State of Bavaria,28
989,2020-06-23,GM03,Free Hanseatic City of Bremen,3
990,2020-06-23,GM04,Free Hanseatic City of Hamburg,9
991,2020-06-23,GM05,Hesse State,18
992,2020-06-23,GM06,Lower Saxony State,14
993,2020-06-23,GM07,North Rhine-Westphalia State,39
994,2020-06-23,GM08,Rhineland-Palatinate State,4
995,2020-06-23,GM09,Saarland State,3
996,2020-06-23,GM10,Schleswig-Holstein State,0
997,2020-06-23,GM11,Brandenburg State,2
998,2020-06-23,GM12,Mecklenburg-Western Pomerania State,1
999,2020-06-23,GM13,Free State of Saxony,9
1000,2020-06-23,GM14,Sachsen-Anhalt State,3
1001,2020-06-23,GM15,Free State of Thüringia,2
1002,2020-06-23,GM16,Berlin State,31
1003,2020-06-24,GM,Germany,182
1004,2020-06-24,GM01,Baden-Württemberg State,25
1005,2020-06-24,GM02,Free State of Bavaria,26
1006,2020-06-24,GM03,Free Hanseatic City of Bremen,3
1007,2020-06-24,GM04,Free Hanseatic City of Hamburg,9
1008,2020-06-24,GM05,Hesse State,17
1009,2020-06-24,GM06,Lower Saxony State,13
1010,2020-06-24,GM07,North Rhine-Westphalia State,38
1011,2020-06-24,GM08,Rhineland-Palatinate State,5
1012,2020-06-24,GM09,Saarland State,2
1013,2020-06-24,GM10,Schleswig-Holstein State,0
1014,2020-06-24,GM11,Brandenburg State,2
1015,2020-06-24,GM12,Mecklenburg-Western Pomerania State,1
1016,2020-06-24,GM13,Free State of Saxony,9
1017,2020-06-24,GM14,Sachsen-Anhalt State,3
1018,2020-06-24,GM15,Free State of Thüringia,2
1019,2020-06-24,GM16,Berlin State,27
1020,2020-06-25,GM,Germany,196
1021,2020-06-25,GM01,Baden-Württemberg State,25
1022,2020-06-25,GM02,Free State of Bavaria,28
1023,2020-06-25,GM03,Free Hanseatic City of Bremen,3
1024,2020-06-25,GM04,Free Hanseatic City of Hamburg,8
1025,2020-06-25,GM05,Hesse State,15
1026,2020-06-25,GM06,Lower Saxony State,19
1027,2020-06-25,GM07,North Rhine-Westphalia State,47
1028,2020-06-25,GM08,Rhineland-Palatinate State,4
1029,2020-06-25,GM09,Saarland State,1
1030,2020-06-25,GM10,Schleswig-Holstein State,0
1031,2020-06-25,GM11,Brandenburg State,1
1032,2020-06-25,GM12,Mecklenburg-Western Pomerania State,1
1033,2020-06-25,GM13,Free State of Saxony,12
1034,2020-06-25,GM14,Sachsen-Anhalt State,3
1035,2020-06-25,GM15,Free State of Thüringia,2
1036,2020-06-25,GM16,Berlin State,27
1037,2020-06-26,GM,Germany,198
1038,2020-06-26,GM01,Baden-Württemberg State,24
1039,2020-06-26,GM02,Free State of Bavaria,31
1040,2020-06-26,GM03,Free Hanseatic City of Bremen,3
1041,2020-06-26,GM04,Free Hanseatic City of Hamburg,8
1042,2020-06-26,GM05,Hesse State,18
1043,2020-06-26,GM06,Lower Saxony State,19
1044,2020-06-26,GM07,North Rhine-Westphalia State,46
1045,2020-06-26,GM08,Rhineland-Palatinate State,4
1046,2020-06-26,GM09,Saarland State,1
1047,2020-06-26,GM10,Schleswig-Holstein State,0
1048,2020-06-26,GM11,Brandenburg State,1
1049,2020-06-26,GM12,Mecklenburg-Western Pomerania State,1
1050,2020-06-26,GM13,Free State of Saxony,12
1051,2020-06-26,GM14,Sachsen-Anhalt State,3
1052,2020-06-26,GM15,Free State of Thüringia,2
1053,2020-06-26,GM16,Berlin State,25
1054,2020-06-27,GM,Germany,188
1055,2020-06-27,GM01,Baden-Württemberg State,20
1056,2020-06-27,GM02,Free State of Bavaria,26
1057,2020-06-27,GM03,Free Hanseatic City of Bremen,4
1058,2020-06-27,GM04,Free Hanseatic City of Hamburg,8
1059,2020-06-27,GM05,Hesse State,17
1060,2020-06-27,GM06,Lower Saxony State,17
1061,2020-06-27,GM07,North Rhine-Westphalia State,47
1062,2020-06-27,GM08,Rhineland-Palatinate State,4
1063,2020-06-27,GM09,Saarland State,1
1064,2020-06-27,GM10,Schleswig-Holstein State,0
1065,2020-06-27,GM11,Brandenburg State,2
1066,2020-06-27,GM12,Mecklenburg-Western Pomerania State,1
1067,2020-06-27,GM13,Free State of Saxony,11
1068,2020-06-27,GM14,Sachsen-Anhalt State,3
1069,2020-06-27,GM15,Free State of Thüringia,3
1070,2020-06-27,GM16,Berlin State,24
1071,2020-06-28,GM,Germany,189
1072,2020-06-28,GM01,Baden-Württemberg State,21
1073,2020-06-28,GM02,Free State of Bavaria,25
1074,2020-06-28,GM03,Free Hanseatic City of Bremen,4
1075,2020-06-28,GM04,Free Hanseatic City of Hamburg,8
1076,2020-06-28,GM05,Hesse State,17
1077,2020-06-28,GM06,Lower Saxony State,17
1078,2020-06-28,GM07,North Rhine-Westphalia State,49
1079,2020-06-28,GM08,Rhineland-Palatinate State,4
1080,2020-06-28,GM09,Saarland State,1
1081,2020-06-28,GM10,Schleswig-Holstein State,0
1082,2020-06-28,GM11,Brandenburg State,2
1083,2020-06-28,GM12,Mecklenburg-Western Pomerania State,1
1084,2020-06-28,GM13,Free State of Saxony,11
1085,2020-06-28,GM14,Sachsen-Anhalt State,3
1086,2020-06-28,GM15,Free State of Thüringia,3
1087,2020-06-28,GM16,Berlin State,23
1088,2020-06-29,GM,Germany,183
1089,2020-06-29,GM01,Baden-Württemberg State,18
1090,2020-06-29,GM02,Free State of Bavaria,27
1091,2020-06-29,GM03,Free Hanseatic City of Bremen,4
1092,2020-06-29,GM04,Free Hanseatic City of Hamburg,8
1093,2020-06-29,GM05,Hesse State,17
1094,2020-06-29,GM06,Lower Saxony State,16
1095,2020-06-29,GM07,North Rhine-Westphalia State,48
1096,2020-06-29,GM08,Rhineland-Palatinate State,4
1097,2020-06-29,GM09,Saarland State,1
1098,2020-06-29,GM10,Schleswig-Holstein State,0
1099,2020-06-29,GM11,Brandenburg State,2
1100,2020-06-29,GM12,Mecklenburg-Western Pomerania State,1
1101,2020-06-29,GM13,Free State of Saxony,10
1102,2020-06-29,GM14,Sachsen-Anhalt State,2
1103,2020-06-29,GM15,Free State of Thüringia,2
1104,2020-06-29,GM16,Berlin State,23
1105,2020-06-30,GM,Germany,174
1106,2020-06-30,GM01,Baden-Württemberg State,16
1107,2020-06-30,GM02,Free State of Bavaria,26
1108,2020-06-30,GM03,Free Hanseatic City of Bremen,4
1109,2020-06-30,GM04,Free Hanseatic City of Hamburg,7
1110,2020-06-30,GM05,Hesse State,17
1111,2020-06-30,GM06,Lower Saxony State,14
1112,2020-06-30,GM07,North Rhine-Westphalia State,46
1113,2020-06-30,GM08,Rhineland-Palatinate State,4
1114,2020-06-30,GM09,Saarland State,2
1115,2020-06-30,GM10,Schleswig-Holstein State,0
1116,2020-06-30,GM11,Brandenburg State,3
1117,2020-06-30,GM12,Mecklenburg-Western Pomerania State,1
1118,2020-06-30,GM13,Free State of Saxony,7
1119,2020-06-30,GM14,Sachsen-Anhalt State,2
1120,2020-06-30,GM15,Free State of Thüringia,1
1121,2020-06-30,GM16,Berlin State,24
1122,2020-07-01,GM,Germany,170
1123,2020-07-01,GM01,Baden-Württemberg State,16
1124,2020-07-01,GM02,Free State of Bavaria,27
1125,2020-07-01,GM03,Free Hanseatic City of Bremen,4
1126,2020-07-01,GM04,Free Hanseatic City of Hamburg,6
1127,2020-07-01,GM05,Hesse State,16
1128,2020-07-01,GM06,Lower Saxony State,11
1129,2020-07-01,GM07,North Rhine-Westphalia State,45
1130,2020-07-01,GM08,Rhineland-Palatinate State,4
1131,2020-07-01,GM09,Saarland State,2
1132,2020-07-01,GM10,Schleswig-Holstein State,0
1133,2020-07-01,GM11,Brandenburg State,3
1134,2020-07-01,GM12,Mecklenburg-Western Pomerania State,1
1135,2020-07-01,GM13,Free State of Saxony,8
1136,2020-07-01,GM14,Sachsen-Anhalt State,2
1137,2020-07-01,GM15,Free State of Thüringia,1
1138,2020-07-01,GM16,Berlin State,24
