"forecast_date","target","target_end_date","location","location_name","type","quantile","value"
2021-03-15,"1 day ahead cum death",2021-03-16,"GM","Germany","point",NA,74100.533975
2021-03-15,"2 day ahead cum death",2021-03-17,"GM","Germany","point",NA,74361.270440
2021-03-15,"3 day ahead cum death",2021-03-18,"GM","Germany","point",NA,74536.535257
2021-03-15,"4 day ahead cum death",2021-03-19,"GM","Germany","point",NA,74675.128644
2021-03-15,"5 day ahead cum death",2021-03-20,"GM","Germany","point",NA,74821.677584
2021-03-15,"6 day ahead cum death",2021-03-21,"GM","Germany","point",NA,74995.320299
2021-03-15,"7 day ahead cum death",2021-03-22,"GM","Germany","point",NA,75213.768923
2021-03-15,"8 day ahead cum death",2021-03-23,"GM","Germany","point",NA,75466.974520
2021-03-15,"9 day ahead cum death",2021-03-24,"GM","Germany","point",NA,75685.771967
2021-03-15,"10 day ahead cum death",2021-03-25,"GM","Germany","point",NA,75838.041457
2021-03-15,"11 day ahead cum death",2021-03-26,"GM","Germany","point",NA,75968.367868
2021-03-15,"12 day ahead cum death",2021-03-27,"GM","Germany","point",NA,76110.899610
2021-03-15,"13 day ahead cum death",2021-03-28,"GM","Germany","point",NA,76285.334085
2021-03-15,"14 day ahead cum death",2021-03-29,"GM","Germany","point",NA,76501.664283
2021-03-15,"15 day ahead cum death",2021-03-30,"GM","Germany","point",NA,76773.840434
2021-03-15,"16 day ahead cum death",2021-03-31,"GM","Germany","point",NA,77030.968092
2021-03-15,"17 day ahead cum death",2021-04-01,"GM","Germany","point",NA,77197.762445
2021-03-15,"18 day ahead cum death",2021-04-02,"GM","Germany","point",NA,77327.222262
2021-03-15,"19 day ahead cum death",2021-04-03,"GM","Germany","point",NA,77474.325804
2021-03-15,"20 day ahead cum death",2021-04-04,"GM","Germany","point",NA,77657.000845
2021-03-15,"21 day ahead cum death",2021-04-05,"GM","Germany","point",NA,77886.376989
2021-03-15,"22 day ahead cum death",2021-04-06,"GM","Germany","point",NA,78206.045161
2021-03-15,"23 day ahead cum death",2021-04-07,"GM","Germany","point",NA,78522.416948
2021-03-15,"24 day ahead cum death",2021-04-08,"GM","Germany","point",NA,78708.621289
2021-03-15,"25 day ahead cum death",2021-04-09,"GM","Germany","point",NA,78843.675288
2021-03-15,"26 day ahead cum death",2021-04-10,"GM","Germany","point",NA,79001.493020
2021-03-15,"27 day ahead cum death",2021-04-11,"GM","Germany","point",NA,79199.084064
2021-03-15,"28 day ahead cum death",2021-04-12,"GM","Germany","point",NA,79459.845108
2021-03-15,"29 day ahead cum death",2021-04-13,"GM","Germany","point",NA,79856.141975
2021-03-15,"30 day ahead cum death",2021-04-14,"GM","Germany","point",NA,80248.955159
2021-03-15,"1 day ahead cum death",2021-03-16,"GM","Germany","quantile","0.01",73601.012452
2021-03-15,"2 day ahead cum death",2021-03-17,"GM","Germany","quantile","0.01",73840.136504
2021-03-15,"3 day ahead cum death",2021-03-18,"GM","Germany","quantile","0.01",73995.751362
2021-03-15,"4 day ahead cum death",2021-03-19,"GM","Germany","quantile","0.01",74152.013624
2021-03-15,"5 day ahead cum death",2021-03-20,"GM","Germany","quantile","0.01",74305.204851
2021-03-15,"6 day ahead cum death",2021-03-21,"GM","Germany","quantile","0.01",74472.902003
2021-03-15,"7 day ahead cum death",2021-03-22,"GM","Germany","quantile","0.01",74666.865707
2021-03-15,"8 day ahead cum death",2021-03-23,"GM","Germany","quantile","0.01",74933.010994
2021-03-15,"9 day ahead cum death",2021-03-24,"GM","Germany","quantile","0.01",75135.878619
2021-03-15,"10 day ahead cum death",2021-03-25,"GM","Germany","quantile","0.01",75273.577384
2021-03-15,"11 day ahead cum death",2021-03-26,"GM","Germany","quantile","0.01",75419.981536
2021-03-15,"12 day ahead cum death",2021-03-27,"GM","Germany","quantile","0.01",75569.348845
2021-03-15,"13 day ahead cum death",2021-03-28,"GM","Germany","quantile","0.01",75738.357221
2021-03-15,"14 day ahead cum death",2021-03-29,"GM","Germany","quantile","0.01",75929.717985
2021-03-15,"15 day ahead cum death",2021-03-30,"GM","Germany","quantile","0.01",76212.936263
2021-03-15,"16 day ahead cum death",2021-03-31,"GM","Germany","quantile","0.01",76456.348374
2021-03-15,"17 day ahead cum death",2021-04-01,"GM","Germany","quantile","0.01",76600.818616
2021-03-15,"18 day ahead cum death",2021-04-02,"GM","Germany","quantile","0.01",76716.267107
2021-03-15,"19 day ahead cum death",2021-04-03,"GM","Germany","quantile","0.01",76824.317703
2021-03-15,"20 day ahead cum death",2021-04-04,"GM","Germany","quantile","0.01",76931.481181
2021-03-15,"21 day ahead cum death",2021-04-05,"GM","Germany","quantile","0.01",77052.124692
2021-03-15,"22 day ahead cum death",2021-04-06,"GM","Germany","quantile","0.01",77309.923936
2021-03-15,"23 day ahead cum death",2021-04-07,"GM","Germany","quantile","0.01",77486.838215
2021-03-15,"24 day ahead cum death",2021-04-08,"GM","Germany","quantile","0.01",77565.752120
2021-03-15,"25 day ahead cum death",2021-04-09,"GM","Germany","quantile","0.01",77637.250842
2021-03-15,"26 day ahead cum death",2021-04-10,"GM","Germany","quantile","0.01",77702.624201
2021-03-15,"27 day ahead cum death",2021-04-11,"GM","Germany","quantile","0.01",77765.810289
2021-03-15,"28 day ahead cum death",2021-04-12,"GM","Germany","quantile","0.01",77847.469529
2021-03-15,"29 day ahead cum death",2021-04-13,"GM","Germany","quantile","0.01",78017.585985
2021-03-15,"30 day ahead cum death",2021-04-14,"GM","Germany","quantile","0.01",78077.378764
2021-03-15,"1 day ahead cum death",2021-03-16,"GM","Germany","quantile","0.025",73679.683677
2021-03-15,"2 day ahead cum death",2021-03-17,"GM","Germany","quantile","0.025",73922.211537
2021-03-15,"3 day ahead cum death",2021-03-18,"GM","Germany","quantile","0.025",74080.921129
2021-03-15,"4 day ahead cum death",2021-03-19,"GM","Germany","quantile","0.025",74234.400664
2021-03-15,"5 day ahead cum death",2021-03-20,"GM","Germany","quantile","0.025",74386.545776
2021-03-15,"6 day ahead cum death",2021-03-21,"GM","Germany","quantile","0.025",74555.179314
2021-03-15,"7 day ahead cum death",2021-03-22,"GM","Germany","quantile","0.025",74752.999225
2021-03-15,"8 day ahead cum death",2021-03-23,"GM","Germany","quantile","0.025",75017.106600
2021-03-15,"9 day ahead cum death",2021-03-24,"GM","Germany","quantile","0.025",75222.483063
2021-03-15,"10 day ahead cum death",2021-03-25,"GM","Germany","quantile","0.025",75362.476617
2021-03-15,"11 day ahead cum death",2021-03-26,"GM","Germany","quantile","0.025",75506.348635
2021-03-15,"12 day ahead cum death",2021-03-27,"GM","Germany","quantile","0.025",75654.639389
2021-03-15,"13 day ahead cum death",2021-03-28,"GM","Germany","quantile","0.025",75824.502339
2021-03-15,"14 day ahead cum death",2021-03-29,"GM","Germany","quantile","0.025",76019.795618
2021-03-15,"15 day ahead cum death",2021-03-30,"GM","Germany","quantile","0.025",76301.274836
2021-03-15,"16 day ahead cum death",2021-03-31,"GM","Germany","quantile","0.025",76546.847052
2021-03-15,"17 day ahead cum death",2021-04-01,"GM","Germany","quantile","0.025",76694.833189
2021-03-15,"18 day ahead cum death",2021-04-02,"GM","Germany","quantile","0.025",76812.488368
2021-03-15,"19 day ahead cum death",2021-04-03,"GM","Germany","quantile","0.025",76926.689536
2021-03-15,"20 day ahead cum death",2021-04-04,"GM","Germany","quantile","0.025",77045.745569
2021-03-15,"21 day ahead cum death",2021-04-05,"GM","Germany","quantile","0.025",77183.513727
2021-03-15,"22 day ahead cum death",2021-04-06,"GM","Germany","quantile","0.025",77451.056904
2021-03-15,"23 day ahead cum death",2021-04-07,"GM","Germany","quantile","0.025",77649.934787
2021-03-15,"24 day ahead cum death",2021-04-08,"GM","Germany","quantile","0.025",77745.746203
2021-03-15,"25 day ahead cum death",2021-04-09,"GM","Germany","quantile","0.025",77827.254446
2021-03-15,"26 day ahead cum death",2021-04-10,"GM","Germany","quantile","0.025",77907.187162
2021-03-15,"27 day ahead cum death",2021-04-11,"GM","Germany","quantile","0.025",77991.541112
2021-03-15,"28 day ahead cum death",2021-04-12,"GM","Germany","quantile","0.025",78101.407662
2021-03-15,"29 day ahead cum death",2021-04-13,"GM","Germany","quantile","0.025",78307.145986
2021-03-15,"30 day ahead cum death",2021-04-14,"GM","Germany","quantile","0.025",78419.387203
2021-03-15,"1 day ahead cum death",2021-03-16,"GM","Germany","quantile","0.05",73747.345272
2021-03-15,"2 day ahead cum death",2021-03-17,"GM","Germany","quantile","0.05",73992.800593
2021-03-15,"3 day ahead cum death",2021-03-18,"GM","Germany","quantile","0.05",74154.171827
2021-03-15,"4 day ahead cum death",2021-03-19,"GM","Germany","quantile","0.05",74305.258064
2021-03-15,"5 day ahead cum death",2021-03-20,"GM","Germany","quantile","0.05",74456.503459
2021-03-15,"6 day ahead cum death",2021-03-21,"GM","Germany","quantile","0.05",74625.942340
2021-03-15,"7 day ahead cum death",2021-03-22,"GM","Germany","quantile","0.05",74827.078803
2021-03-15,"8 day ahead cum death",2021-03-23,"GM","Germany","quantile","0.05",75089.433460
2021-03-15,"9 day ahead cum death",2021-03-24,"GM","Germany","quantile","0.05",75296.967662
2021-03-15,"10 day ahead cum death",2021-03-25,"GM","Germany","quantile","0.05",75438.934862
2021-03-15,"11 day ahead cum death",2021-03-26,"GM","Germany","quantile","0.05",75580.629105
2021-03-15,"12 day ahead cum death",2021-03-27,"GM","Germany","quantile","0.05",75727.993962
2021-03-15,"13 day ahead cum death",2021-03-28,"GM","Germany","quantile","0.05",75898.591892
2021-03-15,"14 day ahead cum death",2021-03-29,"GM","Germany","quantile","0.05",76097.267351
2021-03-15,"15 day ahead cum death",2021-03-30,"GM","Germany","quantile","0.05",76377.250883
2021-03-15,"16 day ahead cum death",2021-03-31,"GM","Germany","quantile","0.05",76624.680907
2021-03-15,"17 day ahead cum death",2021-04-01,"GM","Germany","quantile","0.05",76775.690909
2021-03-15,"18 day ahead cum death",2021-04-02,"GM","Germany","quantile","0.05",76895.243961
2021-03-15,"19 day ahead cum death",2021-04-03,"GM","Germany","quantile","0.05",77014.734960
2021-03-15,"20 day ahead cum death",2021-04-04,"GM","Germany","quantile","0.05",77144.019246
2021-03-15,"21 day ahead cum death",2021-04-05,"GM","Germany","quantile","0.05",77296.515545
2021-03-15,"22 day ahead cum death",2021-04-06,"GM","Germany","quantile","0.05",77572.439042
2021-03-15,"23 day ahead cum death",2021-04-07,"GM","Germany","quantile","0.05",77790.206837
2021-03-15,"24 day ahead cum death",2021-04-08,"GM","Germany","quantile","0.05",77900.551044
2021-03-15,"25 day ahead cum death",2021-04-09,"GM","Germany","quantile","0.05",77990.668028
2021-03-15,"26 day ahead cum death",2021-04-10,"GM","Germany","quantile","0.05",78083.122594
2021-03-15,"27 day ahead cum death",2021-04-11,"GM","Germany","quantile","0.05",78185.682073
2021-03-15,"28 day ahead cum death",2021-04-12,"GM","Germany","quantile","0.05",78319.808466
2021-03-15,"29 day ahead cum death",2021-04-13,"GM","Germany","quantile","0.05",78556.183563
2021-03-15,"30 day ahead cum death",2021-04-14,"GM","Germany","quantile","0.05",78713.533329
2021-03-15,"1 day ahead cum death",2021-03-16,"GM","Germany","quantile","0.1",73825.354756
2021-03-15,"2 day ahead cum death",2021-03-17,"GM","Germany","quantile","0.1",74074.185254
2021-03-15,"3 day ahead cum death",2021-03-18,"GM","Germany","quantile","0.1",74238.625191
2021-03-15,"4 day ahead cum death",2021-03-19,"GM","Germany","quantile","0.1",74386.952108
2021-03-15,"5 day ahead cum death",2021-03-20,"GM","Germany","quantile","0.1",74537.160188
2021-03-15,"6 day ahead cum death",2021-03-21,"GM","Germany","quantile","0.1",74707.527578
2021-03-15,"7 day ahead cum death",2021-03-22,"GM","Germany","quantile","0.1",74912.487812
2021-03-15,"8 day ahead cum death",2021-03-23,"GM","Germany","quantile","0.1",75172.821698
2021-03-15,"9 day ahead cum death",2021-03-24,"GM","Germany","quantile","0.1",75382.843635
2021-03-15,"10 day ahead cum death",2021-03-25,"GM","Germany","quantile","0.1",75527.086322
2021-03-15,"11 day ahead cum death",2021-03-26,"GM","Germany","quantile","0.1",75666.269730
2021-03-15,"12 day ahead cum death",2021-03-27,"GM","Germany","quantile","0.1",75812.567087
2021-03-15,"13 day ahead cum death",2021-03-28,"GM","Germany","quantile","0.1",75984.012402
2021-03-15,"14 day ahead cum death",2021-03-29,"GM","Germany","quantile","0.1",76186.587298
2021-03-15,"15 day ahead cum death",2021-03-30,"GM","Germany","quantile","0.1",76464.846398
2021-03-15,"16 day ahead cum death",2021-03-31,"GM","Germany","quantile","0.1",76714.418358
2021-03-15,"17 day ahead cum death",2021-04-01,"GM","Germany","quantile","0.1",76868.914680
2021-03-15,"18 day ahead cum death",2021-04-02,"GM","Germany","quantile","0.1",76990.655860
2021-03-15,"19 day ahead cum death",2021-04-03,"GM","Germany","quantile","0.1",77116.245695
2021-03-15,"20 day ahead cum death",2021-04-04,"GM","Germany","quantile","0.1",77257.322503
2021-03-15,"21 day ahead cum death",2021-04-05,"GM","Germany","quantile","0.1",77426.799404
2021-03-15,"22 day ahead cum death",2021-04-06,"GM","Germany","quantile","0.1",77712.384874
2021-03-15,"23 day ahead cum death",2021-04-07,"GM","Germany","quantile","0.1",77951.931527
2021-03-15,"24 day ahead cum death",2021-04-08,"GM","Germany","quantile","0.1",78079.031111
2021-03-15,"25 day ahead cum death",2021-04-09,"GM","Germany","quantile","0.1",78179.073422
2021-03-15,"26 day ahead cum death",2021-04-10,"GM","Germany","quantile","0.1",78285.964879
2021-03-15,"27 day ahead cum death",2021-04-11,"GM","Germany","quantile","0.1",78409.514167
2021-03-15,"28 day ahead cum death",2021-04-12,"GM","Germany","quantile","0.1",78571.610605
2021-03-15,"29 day ahead cum death",2021-04-13,"GM","Germany","quantile","0.1",78843.307938
2021-03-15,"30 day ahead cum death",2021-04-14,"GM","Germany","quantile","0.1",79052.664974
2021-03-15,"1 day ahead cum death",2021-03-16,"GM","Germany","quantile","0.15",73877.987385
2021-03-15,"2 day ahead cum death",2021-03-17,"GM","Germany","quantile","0.15",74129.095099
2021-03-15,"3 day ahead cum death",2021-03-18,"GM","Germany","quantile","0.15",74295.605475
2021-03-15,"4 day ahead cum death",2021-03-19,"GM","Germany","quantile","0.15",74442.070691
2021-03-15,"5 day ahead cum death",2021-03-20,"GM","Germany","quantile","0.15",74591.578899
2021-03-15,"6 day ahead cum death",2021-03-21,"GM","Germany","quantile","0.15",74762.572750
2021-03-15,"7 day ahead cum death",2021-03-22,"GM","Germany","quantile","0.15",74970.112865
2021-03-15,"8 day ahead cum death",2021-03-23,"GM","Germany","quantile","0.15",75229.083346
2021-03-15,"9 day ahead cum death",2021-03-24,"GM","Germany","quantile","0.15",75440.783746
2021-03-15,"10 day ahead cum death",2021-03-25,"GM","Germany","quantile","0.15",75586.561694
2021-03-15,"11 day ahead cum death",2021-03-26,"GM","Germany","quantile","0.15",75724.051052
2021-03-15,"12 day ahead cum death",2021-03-27,"GM","Germany","quantile","0.15",75869.628173
2021-03-15,"13 day ahead cum death",2021-03-28,"GM","Germany","quantile","0.15",76041.645215
2021-03-15,"14 day ahead cum death",2021-03-29,"GM","Germany","quantile","0.15",76246.851042
2021-03-15,"15 day ahead cum death",2021-03-30,"GM","Germany","quantile","0.15",76523.946677
2021-03-15,"16 day ahead cum death",2021-03-31,"GM","Germany","quantile","0.15",76774.963790
2021-03-15,"17 day ahead cum death",2021-04-01,"GM","Germany","quantile","0.15",76931.812317
2021-03-15,"18 day ahead cum death",2021-04-02,"GM","Germany","quantile","0.15",77055.029815
2021-03-15,"19 day ahead cum death",2021-04-03,"GM","Germany","quantile","0.15",77184.734506
2021-03-15,"20 day ahead cum death",2021-04-04,"GM","Germany","quantile","0.15",77333.767672
2021-03-15,"21 day ahead cum death",2021-04-05,"GM","Germany","quantile","0.15",77514.701306
2021-03-15,"22 day ahead cum death",2021-04-06,"GM","Germany","quantile","0.15",77806.805662
2021-03-15,"23 day ahead cum death",2021-04-07,"GM","Germany","quantile","0.15",78061.046407
2021-03-15,"24 day ahead cum death",2021-04-08,"GM","Germany","quantile","0.15",78199.450765
2021-03-15,"25 day ahead cum death",2021-04-09,"GM","Germany","quantile","0.15",78306.189647
2021-03-15,"26 day ahead cum death",2021-04-10,"GM","Germany","quantile","0.15",78422.821606
2021-03-15,"27 day ahead cum death",2021-04-11,"GM","Germany","quantile","0.15",78560.532619
2021-03-15,"28 day ahead cum death",2021-04-12,"GM","Germany","quantile","0.15",78741.500313
2021-03-15,"29 day ahead cum death",2021-04-13,"GM","Germany","quantile","0.15",79037.029392
2021-03-15,"30 day ahead cum death",2021-04-14,"GM","Germany","quantile","0.15",79281.475485
2021-03-15,"1 day ahead cum death",2021-03-16,"GM","Germany","quantile","0.2",73919.818130
2021-03-15,"2 day ahead cum death",2021-03-17,"GM","Germany","quantile","0.2",74172.735702
2021-03-15,"3 day ahead cum death",2021-03-18,"GM","Germany","quantile","0.2",74340.891598
2021-03-15,"4 day ahead cum death",2021-03-19,"GM","Germany","quantile","0.2",74485.877194
2021-03-15,"5 day ahead cum death",2021-03-20,"GM","Germany","quantile","0.2",74634.829166
2021-03-15,"6 day ahead cum death",2021-03-21,"GM","Germany","quantile","0.2",74806.320909
2021-03-15,"7 day ahead cum death",2021-03-22,"GM","Germany","quantile","0.2",75015.911430
2021-03-15,"8 day ahead cum death",2021-03-23,"GM","Germany","quantile","0.2",75273.798320
2021-03-15,"9 day ahead cum death",2021-03-24,"GM","Germany","quantile","0.2",75486.832710
2021-03-15,"10 day ahead cum death",2021-03-25,"GM","Germany","quantile","0.2",75633.830834
2021-03-15,"11 day ahead cum death",2021-03-26,"GM","Germany","quantile","0.2",75769.973816
2021-03-15,"12 day ahead cum death",2021-03-27,"GM","Germany","quantile","0.2",75914.978515
2021-03-15,"13 day ahead cum death",2021-03-28,"GM","Germany","quantile","0.2",76087.449948
2021-03-15,"14 day ahead cum death",2021-03-29,"GM","Germany","quantile","0.2",76294.746756
2021-03-15,"15 day ahead cum death",2021-03-30,"GM","Germany","quantile","0.2",76570.917705
2021-03-15,"16 day ahead cum death",2021-03-31,"GM","Germany","quantile","0.2",76823.083380
2021-03-15,"17 day ahead cum death",2021-04-01,"GM","Germany","quantile","0.2",76981.801364
2021-03-15,"18 day ahead cum death",2021-04-02,"GM","Germany","quantile","0.2",77106.192193
2021-03-15,"19 day ahead cum death",2021-04-03,"GM","Germany","quantile","0.2",77239.167242
2021-03-15,"20 day ahead cum death",2021-04-04,"GM","Germany","quantile","0.2",77394.523869
2021-03-15,"21 day ahead cum death",2021-04-05,"GM","Germany","quantile","0.2",77584.562950
2021-03-15,"22 day ahead cum death",2021-04-06,"GM","Germany","quantile","0.2",77881.848312
2021-03-15,"23 day ahead cum death",2021-04-07,"GM","Germany","quantile","0.2",78147.767455
2021-03-15,"24 day ahead cum death",2021-04-08,"GM","Germany","quantile","0.2",78295.156489
2021-03-15,"25 day ahead cum death",2021-04-09,"GM","Germany","quantile","0.2",78407.217593
2021-03-15,"26 day ahead cum death",2021-04-10,"GM","Germany","quantile","0.2",78531.590994
2021-03-15,"27 day ahead cum death",2021-04-11,"GM","Germany","quantile","0.2",78680.557297
2021-03-15,"28 day ahead cum death",2021-04-12,"GM","Germany","quantile","0.2",78876.523268
2021-03-15,"29 day ahead cum death",2021-04-13,"GM","Germany","quantile","0.2",79190.993062
2021-03-15,"30 day ahead cum death",2021-04-14,"GM","Germany","quantile","0.2",79463.326825
2021-03-15,"1 day ahead cum death",2021-03-16,"GM","Germany","quantile","0.25",73955.705185
2021-03-15,"2 day ahead cum death",2021-03-17,"GM","Germany","quantile","0.25",74210.175454
2021-03-15,"3 day ahead cum death",2021-03-18,"GM","Germany","quantile","0.25",74379.743060
2021-03-15,"4 day ahead cum death",2021-03-19,"GM","Germany","quantile","0.25",74523.459273
2021-03-15,"5 day ahead cum death",2021-03-20,"GM","Germany","quantile","0.25",74671.934044
2021-03-15,"6 day ahead cum death",2021-03-21,"GM","Germany","quantile","0.25",74843.852933
2021-03-15,"7 day ahead cum death",2021-03-22,"GM","Germany","quantile","0.25",75055.202521
2021-03-15,"8 day ahead cum death",2021-03-23,"GM","Germany","quantile","0.25",75312.159787
2021-03-15,"9 day ahead cum death",2021-03-24,"GM","Germany","quantile","0.25",75526.338620
2021-03-15,"10 day ahead cum death",2021-03-25,"GM","Germany","quantile","0.25",75674.383547
2021-03-15,"11 day ahead cum death",2021-03-26,"GM","Germany","quantile","0.25",75809.371458
2021-03-15,"12 day ahead cum death",2021-03-27,"GM","Germany","quantile","0.25",75953.885070
2021-03-15,"13 day ahead cum death",2021-03-28,"GM","Germany","quantile","0.25",76126.746329
2021-03-15,"14 day ahead cum death",2021-03-29,"GM","Germany","quantile","0.25",76335.837013
2021-03-15,"15 day ahead cum death",2021-03-30,"GM","Germany","quantile","0.25",76611.214664
2021-03-15,"16 day ahead cum death",2021-03-31,"GM","Germany","quantile","0.25",76864.365704
2021-03-15,"17 day ahead cum death",2021-04-01,"GM","Germany","quantile","0.25",77024.687516
2021-03-15,"18 day ahead cum death",2021-04-02,"GM","Germany","quantile","0.25",77150.084959
2021-03-15,"19 day ahead cum death",2021-04-03,"GM","Germany","quantile","0.25",77285.865683
2021-03-15,"20 day ahead cum death",2021-04-04,"GM","Germany","quantile","0.25",77446.647276
2021-03-15,"21 day ahead cum death",2021-04-05,"GM","Germany","quantile","0.25",77644.498021
2021-03-15,"22 day ahead cum death",2021-04-06,"GM","Germany","quantile","0.25",77946.228223
2021-03-15,"23 day ahead cum death",2021-04-07,"GM","Germany","quantile","0.25",78222.166393
2021-03-15,"24 day ahead cum death",2021-04-08,"GM","Germany","quantile","0.25",78377.263478
2021-03-15,"25 day ahead cum death",2021-04-09,"GM","Germany","quantile","0.25",78493.890575
2021-03-15,"26 day ahead cum death",2021-04-10,"GM","Germany","quantile","0.25",78624.905444
2021-03-15,"27 day ahead cum death",2021-04-11,"GM","Germany","quantile","0.25",78783.527783
2021-03-15,"28 day ahead cum death",2021-04-12,"GM","Germany","quantile","0.25",78992.360940
2021-03-15,"29 day ahead cum death",2021-04-13,"GM","Germany","quantile","0.25",79323.080181
2021-03-15,"30 day ahead cum death",2021-04-14,"GM","Germany","quantile","0.25",79619.339083
2021-03-15,"1 day ahead cum death",2021-03-16,"GM","Germany","quantile","0.3",73987.932869
2021-03-15,"2 day ahead cum death",2021-03-17,"GM","Germany","quantile","0.3",74243.797509
2021-03-15,"3 day ahead cum death",2021-03-18,"GM","Germany","quantile","0.3",74414.632873
2021-03-15,"4 day ahead cum death",2021-03-19,"GM","Germany","quantile","0.3",74557.209141
2021-03-15,"5 day ahead cum death",2021-03-20,"GM","Germany","quantile","0.3",74705.255372
2021-03-15,"6 day ahead cum death",2021-03-21,"GM","Germany","quantile","0.3",74877.557851
2021-03-15,"7 day ahead cum death",2021-03-22,"GM","Germany","quantile","0.3",75090.487135
2021-03-15,"8 day ahead cum death",2021-03-23,"GM","Germany","quantile","0.3",75346.609569
2021-03-15,"9 day ahead cum death",2021-03-24,"GM","Germany","quantile","0.3",75561.816149
2021-03-15,"10 day ahead cum death",2021-03-25,"GM","Germany","quantile","0.3",75710.801136
2021-03-15,"11 day ahead cum death",2021-03-26,"GM","Germany","quantile","0.3",75844.751758
2021-03-15,"12 day ahead cum death",2021-03-27,"GM","Germany","quantile","0.3",75988.824360
2021-03-15,"13 day ahead cum death",2021-03-28,"GM","Germany","quantile","0.3",76162.035695
2021-03-15,"14 day ahead cum death",2021-03-29,"GM","Germany","quantile","0.3",76372.737335
2021-03-15,"15 day ahead cum death",2021-03-30,"GM","Germany","quantile","0.3",76647.402579
2021-03-15,"16 day ahead cum death",2021-03-31,"GM","Germany","quantile","0.3",76901.438507
2021-03-15,"17 day ahead cum death",2021-04-01,"GM","Germany","quantile","0.3",77063.200605
2021-03-15,"18 day ahead cum death",2021-04-02,"GM","Germany","quantile","0.3",77189.502018
2021-03-15,"19 day ahead cum death",2021-04-03,"GM","Germany","quantile","0.3",77327.802326
2021-03-15,"20 day ahead cum death",2021-04-04,"GM","Germany","quantile","0.3",77493.455707
2021-03-15,"21 day ahead cum death",2021-04-05,"GM","Germany","quantile","0.3",77698.321567
2021-03-15,"22 day ahead cum death",2021-04-06,"GM","Germany","quantile","0.3",78004.043373
2021-03-15,"23 day ahead cum death",2021-04-07,"GM","Germany","quantile","0.3",78288.978938
2021-03-15,"24 day ahead cum death",2021-04-08,"GM","Germany","quantile","0.3",78450.998092
2021-03-15,"25 day ahead cum death",2021-04-09,"GM","Germany","quantile","0.3",78571.725592
2021-03-15,"26 day ahead cum death",2021-04-10,"GM","Germany","quantile","0.3",78708.704705
2021-03-15,"27 day ahead cum death",2021-04-11,"GM","Germany","quantile","0.3",78875.998462
2021-03-15,"28 day ahead cum death",2021-04-12,"GM","Germany","quantile","0.3",79096.386750
2021-03-15,"29 day ahead cum death",2021-04-13,"GM","Germany","quantile","0.3",79441.698497
2021-03-15,"30 day ahead cum death",2021-04-14,"GM","Germany","quantile","0.3",79759.442912
2021-03-15,"1 day ahead cum death",2021-03-16,"GM","Germany","quantile","0.35",74017.796622
2021-03-15,"2 day ahead cum death",2021-03-17,"GM","Germany","quantile","0.35",74274.953353
2021-03-15,"3 day ahead cum death",2021-03-18,"GM","Germany","quantile","0.35",74446.963484
2021-03-15,"4 day ahead cum death",2021-03-19,"GM","Germany","quantile","0.35",74588.483424
2021-03-15,"5 day ahead cum death",2021-03-20,"GM","Germany","quantile","0.35",74736.132547
2021-03-15,"6 day ahead cum death",2021-03-21,"GM","Germany","quantile","0.35",74908.790480
2021-03-15,"7 day ahead cum death",2021-03-22,"GM","Germany","quantile","0.35",75123.183588
2021-03-15,"8 day ahead cum death",2021-03-23,"GM","Germany","quantile","0.35",75378.532427
2021-03-15,"9 day ahead cum death",2021-03-24,"GM","Germany","quantile","0.35",75594.691366
2021-03-15,"10 day ahead cum death",2021-03-25,"GM","Germany","quantile","0.35",75744.547460
2021-03-15,"11 day ahead cum death",2021-03-26,"GM","Germany","quantile","0.35",75877.536879
2021-03-15,"12 day ahead cum death",2021-03-27,"GM","Germany","quantile","0.35",76021.200818
2021-03-15,"13 day ahead cum death",2021-03-28,"GM","Germany","quantile","0.35",76194.736551
2021-03-15,"14 day ahead cum death",2021-03-29,"GM","Germany","quantile","0.35",76406.930981
2021-03-15,"15 day ahead cum death",2021-03-30,"GM","Germany","quantile","0.35",76680.936076
2021-03-15,"16 day ahead cum death",2021-03-31,"GM","Germany","quantile","0.35",76935.791983
2021-03-15,"17 day ahead cum death",2021-04-01,"GM","Germany","quantile","0.35",77098.888722
2021-03-15,"18 day ahead cum death",2021-04-02,"GM","Germany","quantile","0.35",77226.027799
2021-03-15,"19 day ahead cum death",2021-04-03,"GM","Germany","quantile","0.35",77366.662875
2021-03-15,"20 day ahead cum death",2021-04-04,"GM","Germany","quantile","0.35",77536.830694
2021-03-15,"21 day ahead cum death",2021-04-05,"GM","Germany","quantile","0.35",77748.197103
2021-03-15,"22 day ahead cum death",2021-04-06,"GM","Germany","quantile","0.35",78057.617726
2021-03-15,"23 day ahead cum death",2021-04-07,"GM","Germany","quantile","0.35",78350.890718
2021-03-15,"24 day ahead cum death",2021-04-08,"GM","Germany","quantile","0.35",78519.324200
2021-03-15,"25 day ahead cum death",2021-04-09,"GM","Germany","quantile","0.35",78643.851334
2021-03-15,"26 day ahead cum death",2021-04-10,"GM","Germany","quantile","0.35",78786.357208
2021-03-15,"27 day ahead cum death",2021-04-11,"GM","Germany","quantile","0.35",78961.686328
2021-03-15,"28 day ahead cum death",2021-04-12,"GM","Germany","quantile","0.35",79192.782165
2021-03-15,"29 day ahead cum death",2021-04-13,"GM","Germany","quantile","0.35",79551.616044
2021-03-15,"30 day ahead cum death",2021-04-14,"GM","Germany","quantile","0.35",79889.269989
2021-03-15,"1 day ahead cum death",2021-03-16,"GM","Germany","quantile","0.4",74046.134402
2021-03-15,"2 day ahead cum death",2021-03-17,"GM","Germany","quantile","0.4",74304.517202
2021-03-15,"3 day ahead cum death",2021-03-18,"GM","Germany","quantile","0.4",74477.642073
2021-03-15,"4 day ahead cum death",2021-03-19,"GM","Germany","quantile","0.4",74618.159660
2021-03-15,"5 day ahead cum death",2021-03-20,"GM","Germany","quantile","0.4",74765.431967
2021-03-15,"6 day ahead cum death",2021-03-21,"GM","Germany","quantile","0.4",74938.427191
2021-03-15,"7 day ahead cum death",2021-03-22,"GM","Germany","quantile","0.4",75154.209325
2021-03-15,"8 day ahead cum death",2021-03-23,"GM","Germany","quantile","0.4",75408.824097
2021-03-15,"9 day ahead cum death",2021-03-24,"GM","Germany","quantile","0.4",75625.886733
2021-03-15,"10 day ahead cum death",2021-03-25,"GM","Germany","quantile","0.4",75776.569422
2021-03-15,"11 day ahead cum death",2021-03-26,"GM","Germany","quantile","0.4",75908.646753
2021-03-15,"12 day ahead cum death",2021-03-27,"GM","Germany","quantile","0.4",76051.922911
2021-03-15,"13 day ahead cum death",2021-03-28,"GM","Germany","quantile","0.4",76225.766466
2021-03-15,"14 day ahead cum death",2021-03-29,"GM","Germany","quantile","0.4",76439.377408
2021-03-15,"15 day ahead cum death",2021-03-30,"GM","Germany","quantile","0.4",76712.756084
2021-03-15,"16 day ahead cum death",2021-03-31,"GM","Germany","quantile","0.4",76968.390073
2021-03-15,"17 day ahead cum death",2021-04-01,"GM","Germany","quantile","0.4",77132.753256
2021-03-15,"18 day ahead cum death",2021-04-02,"GM","Germany","quantile","0.4",77260.687192
2021-03-15,"19 day ahead cum death",2021-04-03,"GM","Germany","quantile","0.4",77403.537737
2021-03-15,"20 day ahead cum death",2021-04-04,"GM","Germany","quantile","0.4",77577.989315
2021-03-15,"21 day ahead cum death",2021-04-05,"GM","Germany","quantile","0.4",77795.524110
2021-03-15,"22 day ahead cum death",2021-04-06,"GM","Germany","quantile","0.4",78108.454547
2021-03-15,"23 day ahead cum death",2021-04-07,"GM","Germany","quantile","0.4",78409.638943
2021-03-15,"24 day ahead cum death",2021-04-08,"GM","Germany","quantile","0.4",78584.158995
2021-03-15,"25 day ahead cum death",2021-04-09,"GM","Germany","quantile","0.4",78712.291611
2021-03-15,"26 day ahead cum death",2021-04-10,"GM","Germany","quantile","0.4",78860.041839
2021-03-15,"27 day ahead cum death",2021-04-11,"GM","Germany","quantile","0.4",79042.995732
2021-03-15,"28 day ahead cum death",2021-04-12,"GM","Germany","quantile","0.4",79284.251988
2021-03-15,"29 day ahead cum death",2021-04-13,"GM","Germany","quantile","0.4",79655.917048
2021-03-15,"30 day ahead cum death",2021-04-14,"GM","Germany","quantile","0.4",80012.463190
2021-03-15,"1 day ahead cum death",2021-03-16,"GM","Germany","quantile","0.45",74073.551533
2021-03-15,"2 day ahead cum death",2021-03-17,"GM","Germany","quantile","0.45",74333.120569
2021-03-15,"3 day ahead cum death",2021-03-18,"GM","Germany","quantile","0.45",74507.323962
2021-03-15,"4 day ahead cum death",2021-03-19,"GM","Germany","quantile","0.45",74646.871762
2021-03-15,"5 day ahead cum death",2021-03-20,"GM","Germany","quantile","0.45",74793.779495
2021-03-15,"6 day ahead cum death",2021-03-21,"GM","Germany","quantile","0.45",74967.101052
2021-03-15,"7 day ahead cum death",2021-03-22,"GM","Germany","quantile","0.45",75184.227084
2021-03-15,"8 day ahead cum death",2021-03-23,"GM","Germany","quantile","0.45",75438.131638
2021-03-15,"9 day ahead cum death",2021-03-24,"GM","Germany","quantile","0.45",75656.068611
2021-03-15,"10 day ahead cum death",2021-03-25,"GM","Germany","quantile","0.45",75807.551040
2021-03-15,"11 day ahead cum death",2021-03-26,"GM","Germany","quantile","0.45",75938.745916
2021-03-15,"12 day ahead cum death",2021-03-27,"GM","Germany","quantile","0.45",76081.646892
2021-03-15,"13 day ahead cum death",2021-03-28,"GM","Germany","quantile","0.45",76255.788268
2021-03-15,"14 day ahead cum death",2021-03-29,"GM","Germany","quantile","0.45",76470.769702
2021-03-15,"15 day ahead cum death",2021-03-30,"GM","Germany","quantile","0.45",76743.542311
2021-03-15,"16 day ahead cum death",2021-03-31,"GM","Germany","quantile","0.45",76999.929102
2021-03-15,"17 day ahead cum death",2021-04-01,"GM","Germany","quantile","0.45",77165.517583
2021-03-15,"18 day ahead cum death",2021-04-02,"GM","Germany","quantile","0.45",77294.220557
2021-03-15,"19 day ahead cum death",2021-04-03,"GM","Germany","quantile","0.45",77439.214592
2021-03-15,"20 day ahead cum death",2021-04-04,"GM","Germany","quantile","0.45",77617.810757
2021-03-15,"21 day ahead cum death",2021-04-05,"GM","Germany","quantile","0.45",77841.313537
2021-03-15,"22 day ahead cum death",2021-04-06,"GM","Germany","quantile","0.45",78157.639761
2021-03-15,"23 day ahead cum death",2021-04-07,"GM","Germany","quantile","0.45",78466.478531
2021-03-15,"24 day ahead cum death",2021-04-08,"GM","Germany","quantile","0.45",78646.887410
2021-03-15,"25 day ahead cum death",2021-04-09,"GM","Germany","quantile","0.45",78778.508370
2021-03-15,"26 day ahead cum death",2021-04-10,"GM","Germany","quantile","0.45",78931.332573
2021-03-15,"27 day ahead cum death",2021-04-11,"GM","Germany","quantile","0.45",79121.663522
2021-03-15,"28 day ahead cum death",2021-04-12,"GM","Germany","quantile","0.45",79372.750100
2021-03-15,"29 day ahead cum death",2021-04-13,"GM","Germany","quantile","0.45",79756.829476
2021-03-15,"30 day ahead cum death",2021-04-14,"GM","Germany","quantile","0.45",80131.654037
2021-03-15,"1 day ahead cum death",2021-03-16,"GM","Germany","quantile","0.5",74100.533975
2021-03-15,"2 day ahead cum death",2021-03-17,"GM","Germany","quantile","0.5",74361.270440
2021-03-15,"3 day ahead cum death",2021-03-18,"GM","Germany","quantile","0.5",74536.535257
2021-03-15,"4 day ahead cum death",2021-03-19,"GM","Germany","quantile","0.5",74675.128644
2021-03-15,"5 day ahead cum death",2021-03-20,"GM","Germany","quantile","0.5",74821.677584
2021-03-15,"6 day ahead cum death",2021-03-21,"GM","Germany","quantile","0.5",74995.320299
2021-03-15,"7 day ahead cum death",2021-03-22,"GM","Germany","quantile","0.5",75213.768923
2021-03-15,"8 day ahead cum death",2021-03-23,"GM","Germany","quantile","0.5",75466.974520
2021-03-15,"9 day ahead cum death",2021-03-24,"GM","Germany","quantile","0.5",75685.771967
2021-03-15,"10 day ahead cum death",2021-03-25,"GM","Germany","quantile","0.5",75838.041457
2021-03-15,"11 day ahead cum death",2021-03-26,"GM","Germany","quantile","0.5",75968.367868
2021-03-15,"12 day ahead cum death",2021-03-27,"GM","Germany","quantile","0.5",76110.899610
2021-03-15,"13 day ahead cum death",2021-03-28,"GM","Germany","quantile","0.5",76285.334085
2021-03-15,"14 day ahead cum death",2021-03-29,"GM","Germany","quantile","0.5",76501.664283
2021-03-15,"15 day ahead cum death",2021-03-30,"GM","Germany","quantile","0.5",76773.840434
2021-03-15,"16 day ahead cum death",2021-03-31,"GM","Germany","quantile","0.5",77030.968092
2021-03-15,"17 day ahead cum death",2021-04-01,"GM","Germany","quantile","0.5",77197.762445
2021-03-15,"18 day ahead cum death",2021-04-02,"GM","Germany","quantile","0.5",77327.222262
2021-03-15,"19 day ahead cum death",2021-04-03,"GM","Germany","quantile","0.5",77474.325804
2021-03-15,"20 day ahead cum death",2021-04-04,"GM","Germany","quantile","0.5",77657.000845
2021-03-15,"21 day ahead cum death",2021-04-05,"GM","Germany","quantile","0.5",77886.376989
2021-03-15,"22 day ahead cum death",2021-04-06,"GM","Germany","quantile","0.5",78206.045161
2021-03-15,"23 day ahead cum death",2021-04-07,"GM","Germany","quantile","0.5",78522.416948
2021-03-15,"24 day ahead cum death",2021-04-08,"GM","Germany","quantile","0.5",78708.621289
2021-03-15,"25 day ahead cum death",2021-04-09,"GM","Germany","quantile","0.5",78843.675288
2021-03-15,"26 day ahead cum death",2021-04-10,"GM","Germany","quantile","0.5",79001.493020
2021-03-15,"27 day ahead cum death",2021-04-11,"GM","Germany","quantile","0.5",79199.084064
2021-03-15,"28 day ahead cum death",2021-04-12,"GM","Germany","quantile","0.5",79459.845108
2021-03-15,"29 day ahead cum death",2021-04-13,"GM","Germany","quantile","0.5",79856.141975
2021-03-15,"30 day ahead cum death",2021-04-14,"GM","Germany","quantile","0.5",80248.955159
2021-03-15,"1 day ahead cum death",2021-03-16,"GM","Germany","quantile","0.55",74127.516417
2021-03-15,"2 day ahead cum death",2021-03-17,"GM","Germany","quantile","0.55",74389.420311
2021-03-15,"3 day ahead cum death",2021-03-18,"GM","Germany","quantile","0.55",74565.746551
2021-03-15,"4 day ahead cum death",2021-03-19,"GM","Germany","quantile","0.55",74703.385527
2021-03-15,"5 day ahead cum death",2021-03-20,"GM","Germany","quantile","0.55",74849.575672
2021-03-15,"6 day ahead cum death",2021-03-21,"GM","Germany","quantile","0.55",75023.539547
2021-03-15,"7 day ahead cum death",2021-03-22,"GM","Germany","quantile","0.55",75243.310763
2021-03-15,"8 day ahead cum death",2021-03-23,"GM","Germany","quantile","0.55",75495.817401
2021-03-15,"9 day ahead cum death",2021-03-24,"GM","Germany","quantile","0.55",75715.475323
2021-03-15,"10 day ahead cum death",2021-03-25,"GM","Germany","quantile","0.55",75868.531873
2021-03-15,"11 day ahead cum death",2021-03-26,"GM","Germany","quantile","0.55",75997.989820
2021-03-15,"12 day ahead cum death",2021-03-27,"GM","Germany","quantile","0.55",76140.152328
2021-03-15,"13 day ahead cum death",2021-03-28,"GM","Germany","quantile","0.55",76314.879902
2021-03-15,"14 day ahead cum death",2021-03-29,"GM","Germany","quantile","0.55",76532.558864
2021-03-15,"15 day ahead cum death",2021-03-30,"GM","Germany","quantile","0.55",76804.138557
2021-03-15,"16 day ahead cum death",2021-03-31,"GM","Germany","quantile","0.55",77062.007081
2021-03-15,"17 day ahead cum death",2021-04-01,"GM","Germany","quantile","0.55",77230.007307
2021-03-15,"18 day ahead cum death",2021-04-02,"GM","Germany","quantile","0.55",77360.223968
2021-03-15,"19 day ahead cum death",2021-04-03,"GM","Germany","quantile","0.55",77509.437016
2021-03-15,"20 day ahead cum death",2021-04-04,"GM","Germany","quantile","0.55",77696.190933
2021-03-15,"21 day ahead cum death",2021-04-05,"GM","Germany","quantile","0.55",77931.440442
2021-03-15,"22 day ahead cum death",2021-04-06,"GM","Germany","quantile","0.55",78254.450561
2021-03-15,"23 day ahead cum death",2021-04-07,"GM","Germany","quantile","0.55",78578.355366
2021-03-15,"24 day ahead cum death",2021-04-08,"GM","Germany","quantile","0.55",78770.355169
2021-03-15,"25 day ahead cum death",2021-04-09,"GM","Germany","quantile","0.55",78908.842206
2021-03-15,"26 day ahead cum death",2021-04-10,"GM","Germany","quantile","0.55",79071.653466
2021-03-15,"27 day ahead cum death",2021-04-11,"GM","Germany","quantile","0.55",79276.504606
2021-03-15,"28 day ahead cum death",2021-04-12,"GM","Germany","quantile","0.55",79546.940117
2021-03-15,"29 day ahead cum death",2021-04-13,"GM","Germany","quantile","0.55",79955.454475
2021-03-15,"30 day ahead cum death",2021-04-14,"GM","Germany","quantile","0.55",80366.256280
2021-03-15,"1 day ahead cum death",2021-03-16,"GM","Germany","quantile","0.6",74154.933548
2021-03-15,"2 day ahead cum death",2021-03-17,"GM","Germany","quantile","0.6",74418.023677
2021-03-15,"3 day ahead cum death",2021-03-18,"GM","Germany","quantile","0.6",74595.428440
2021-03-15,"4 day ahead cum death",2021-03-19,"GM","Germany","quantile","0.6",74732.097628
2021-03-15,"5 day ahead cum death",2021-03-20,"GM","Germany","quantile","0.6",74877.923200
2021-03-15,"6 day ahead cum death",2021-03-21,"GM","Germany","quantile","0.6",75052.213408
2021-03-15,"7 day ahead cum death",2021-03-22,"GM","Germany","quantile","0.6",75273.328522
2021-03-15,"8 day ahead cum death",2021-03-23,"GM","Germany","quantile","0.6",75525.124942
2021-03-15,"9 day ahead cum death",2021-03-24,"GM","Germany","quantile","0.6",75745.657201
2021-03-15,"10 day ahead cum death",2021-03-25,"GM","Germany","quantile","0.6",75899.513492
2021-03-15,"11 day ahead cum death",2021-03-26,"GM","Germany","quantile","0.6",76028.088983
2021-03-15,"12 day ahead cum death",2021-03-27,"GM","Germany","quantile","0.6",76169.876308
2021-03-15,"13 day ahead cum death",2021-03-28,"GM","Germany","quantile","0.6",76344.901704
2021-03-15,"14 day ahead cum death",2021-03-29,"GM","Germany","quantile","0.6",76563.951157
2021-03-15,"15 day ahead cum death",2021-03-30,"GM","Germany","quantile","0.6",76834.924784
2021-03-15,"16 day ahead cum death",2021-03-31,"GM","Germany","quantile","0.6",77093.546110
2021-03-15,"17 day ahead cum death",2021-04-01,"GM","Germany","quantile","0.6",77262.771635
2021-03-15,"18 day ahead cum death",2021-04-02,"GM","Germany","quantile","0.6",77393.757332
2021-03-15,"19 day ahead cum death",2021-04-03,"GM","Germany","quantile","0.6",77545.113871
2021-03-15,"20 day ahead cum death",2021-04-04,"GM","Germany","quantile","0.6",77736.012375
2021-03-15,"21 day ahead cum death",2021-04-05,"GM","Germany","quantile","0.6",77977.229869
2021-03-15,"22 day ahead cum death",2021-04-06,"GM","Germany","quantile","0.6",78303.635775
2021-03-15,"23 day ahead cum death",2021-04-07,"GM","Germany","quantile","0.6",78635.194953
2021-03-15,"24 day ahead cum death",2021-04-08,"GM","Germany","quantile","0.6",78833.083583
2021-03-15,"25 day ahead cum death",2021-04-09,"GM","Germany","quantile","0.6",78975.058966
2021-03-15,"26 day ahead cum death",2021-04-10,"GM","Germany","quantile","0.6",79142.944200
2021-03-15,"27 day ahead cum death",2021-04-11,"GM","Germany","quantile","0.6",79355.172396
2021-03-15,"28 day ahead cum death",2021-04-12,"GM","Germany","quantile","0.6",79635.438229
2021-03-15,"29 day ahead cum death",2021-04-13,"GM","Germany","quantile","0.6",80056.366902
2021-03-15,"30 day ahead cum death",2021-04-14,"GM","Germany","quantile","0.6",80485.447128
2021-03-15,"1 day ahead cum death",2021-03-16,"GM","Germany","quantile","0.65",74183.271328
2021-03-15,"2 day ahead cum death",2021-03-17,"GM","Germany","quantile","0.65",74447.587526
2021-03-15,"3 day ahead cum death",2021-03-18,"GM","Germany","quantile","0.65",74626.107029
2021-03-15,"4 day ahead cum death",2021-03-19,"GM","Germany","quantile","0.65",74761.773864
2021-03-15,"5 day ahead cum death",2021-03-20,"GM","Germany","quantile","0.65",74907.222621
2021-03-15,"6 day ahead cum death",2021-03-21,"GM","Germany","quantile","0.65",75081.850119
2021-03-15,"7 day ahead cum death",2021-03-22,"GM","Germany","quantile","0.65",75304.354259
2021-03-15,"8 day ahead cum death",2021-03-23,"GM","Germany","quantile","0.65",75555.416612
2021-03-15,"9 day ahead cum death",2021-03-24,"GM","Germany","quantile","0.65",75776.852567
2021-03-15,"10 day ahead cum death",2021-03-25,"GM","Germany","quantile","0.65",75931.535453
2021-03-15,"11 day ahead cum death",2021-03-26,"GM","Germany","quantile","0.65",76059.198857
2021-03-15,"12 day ahead cum death",2021-03-27,"GM","Germany","quantile","0.65",76200.598401
2021-03-15,"13 day ahead cum death",2021-03-28,"GM","Germany","quantile","0.65",76375.931619
2021-03-15,"14 day ahead cum death",2021-03-29,"GM","Germany","quantile","0.65",76596.397584
2021-03-15,"15 day ahead cum death",2021-03-30,"GM","Germany","quantile","0.65",76866.744792
2021-03-15,"16 day ahead cum death",2021-03-31,"GM","Germany","quantile","0.65",77126.144200
2021-03-15,"17 day ahead cum death",2021-04-01,"GM","Germany","quantile","0.65",77296.636168
2021-03-15,"18 day ahead cum death",2021-04-02,"GM","Germany","quantile","0.65",77428.416726
2021-03-15,"19 day ahead cum death",2021-04-03,"GM","Germany","quantile","0.65",77581.988732
2021-03-15,"20 day ahead cum death",2021-04-04,"GM","Germany","quantile","0.65",77777.170996
2021-03-15,"21 day ahead cum death",2021-04-05,"GM","Germany","quantile","0.65",78024.556875
2021-03-15,"22 day ahead cum death",2021-04-06,"GM","Germany","quantile","0.65",78354.472596
2021-03-15,"23 day ahead cum death",2021-04-07,"GM","Germany","quantile","0.65",78693.943178
2021-03-15,"24 day ahead cum death",2021-04-08,"GM","Germany","quantile","0.65",78897.918379
2021-03-15,"25 day ahead cum death",2021-04-09,"GM","Germany","quantile","0.65",79043.499242
2021-03-15,"26 day ahead cum death",2021-04-10,"GM","Germany","quantile","0.65",79216.628832
2021-03-15,"27 day ahead cum death",2021-04-11,"GM","Germany","quantile","0.65",79436.481801
2021-03-15,"28 day ahead cum death",2021-04-12,"GM","Germany","quantile","0.65",79726.908052
2021-03-15,"29 day ahead cum death",2021-04-13,"GM","Germany","quantile","0.65",80160.667906
2021-03-15,"30 day ahead cum death",2021-04-14,"GM","Germany","quantile","0.65",80608.640328
2021-03-15,"1 day ahead cum death",2021-03-16,"GM","Germany","quantile","0.7",74213.135081
2021-03-15,"2 day ahead cum death",2021-03-17,"GM","Germany","quantile","0.7",74478.743371
2021-03-15,"3 day ahead cum death",2021-03-18,"GM","Germany","quantile","0.7",74658.437640
2021-03-15,"4 day ahead cum death",2021-03-19,"GM","Germany","quantile","0.7",74793.048147
2021-03-15,"5 day ahead cum death",2021-03-20,"GM","Germany","quantile","0.7",74938.099796
2021-03-15,"6 day ahead cum death",2021-03-21,"GM","Germany","quantile","0.7",75113.082748
2021-03-15,"7 day ahead cum death",2021-03-22,"GM","Germany","quantile","0.7",75337.050712
2021-03-15,"8 day ahead cum death",2021-03-23,"GM","Germany","quantile","0.7",75587.339470
2021-03-15,"9 day ahead cum death",2021-03-24,"GM","Germany","quantile","0.7",75809.727785
2021-03-15,"10 day ahead cum death",2021-03-25,"GM","Germany","quantile","0.7",75965.281777
2021-03-15,"11 day ahead cum death",2021-03-26,"GM","Germany","quantile","0.7",76091.983977
2021-03-15,"12 day ahead cum death",2021-03-27,"GM","Germany","quantile","0.7",76232.974860
2021-03-15,"13 day ahead cum death",2021-03-28,"GM","Germany","quantile","0.7",76408.632475
2021-03-15,"14 day ahead cum death",2021-03-29,"GM","Germany","quantile","0.7",76630.591231
2021-03-15,"15 day ahead cum death",2021-03-30,"GM","Germany","quantile","0.7",76900.278289
2021-03-15,"16 day ahead cum death",2021-03-31,"GM","Germany","quantile","0.7",77160.497677
2021-03-15,"17 day ahead cum death",2021-04-01,"GM","Germany","quantile","0.7",77332.324285
2021-03-15,"18 day ahead cum death",2021-04-02,"GM","Germany","quantile","0.7",77464.942506
2021-03-15,"19 day ahead cum death",2021-04-03,"GM","Germany","quantile","0.7",77620.849282
2021-03-15,"20 day ahead cum death",2021-04-04,"GM","Germany","quantile","0.7",77820.545983
2021-03-15,"21 day ahead cum death",2021-04-05,"GM","Germany","quantile","0.7",78074.432412
2021-03-15,"22 day ahead cum death",2021-04-06,"GM","Germany","quantile","0.7",78408.046949
2021-03-15,"23 day ahead cum death",2021-04-07,"GM","Germany","quantile","0.7",78755.854958
2021-03-15,"24 day ahead cum death",2021-04-08,"GM","Germany","quantile","0.7",78966.244487
2021-03-15,"25 day ahead cum death",2021-04-09,"GM","Germany","quantile","0.7",79115.624985
2021-03-15,"26 day ahead cum death",2021-04-10,"GM","Germany","quantile","0.7",79294.281335
2021-03-15,"27 day ahead cum death",2021-04-11,"GM","Germany","quantile","0.7",79522.169666
2021-03-15,"28 day ahead cum death",2021-04-12,"GM","Germany","quantile","0.7",79823.303467
2021-03-15,"29 day ahead cum death",2021-04-13,"GM","Germany","quantile","0.7",80270.585453
2021-03-15,"30 day ahead cum death",2021-04-14,"GM","Germany","quantile","0.7",80738.467406
2021-03-15,"1 day ahead cum death",2021-03-16,"GM","Germany","quantile","0.75",74245.362765
2021-03-15,"2 day ahead cum death",2021-03-17,"GM","Germany","quantile","0.75",74512.365425
2021-03-15,"3 day ahead cum death",2021-03-18,"GM","Germany","quantile","0.75",74693.327454
2021-03-15,"4 day ahead cum death",2021-03-19,"GM","Germany","quantile","0.75",74826.798016
2021-03-15,"5 day ahead cum death",2021-03-20,"GM","Germany","quantile","0.75",74971.421123
2021-03-15,"6 day ahead cum death",2021-03-21,"GM","Germany","quantile","0.75",75146.787666
2021-03-15,"7 day ahead cum death",2021-03-22,"GM","Germany","quantile","0.75",75372.335326
2021-03-15,"8 day ahead cum death",2021-03-23,"GM","Germany","quantile","0.75",75621.789252
2021-03-15,"9 day ahead cum death",2021-03-24,"GM","Germany","quantile","0.75",75845.205313
2021-03-15,"10 day ahead cum death",2021-03-25,"GM","Germany","quantile","0.75",76001.699367
2021-03-15,"11 day ahead cum death",2021-03-26,"GM","Germany","quantile","0.75",76127.364278
2021-03-15,"12 day ahead cum death",2021-03-27,"GM","Germany","quantile","0.75",76267.914149
2021-03-15,"13 day ahead cum death",2021-03-28,"GM","Germany","quantile","0.75",76443.921841
2021-03-15,"14 day ahead cum death",2021-03-29,"GM","Germany","quantile","0.75",76667.491552
2021-03-15,"15 day ahead cum death",2021-03-30,"GM","Germany","quantile","0.75",76936.466204
2021-03-15,"16 day ahead cum death",2021-03-31,"GM","Germany","quantile","0.75",77197.570479
2021-03-15,"17 day ahead cum death",2021-04-01,"GM","Germany","quantile","0.75",77370.837374
2021-03-15,"18 day ahead cum death",2021-04-02,"GM","Germany","quantile","0.75",77504.359566
2021-03-15,"19 day ahead cum death",2021-04-03,"GM","Germany","quantile","0.75",77662.785925
2021-03-15,"20 day ahead cum death",2021-04-04,"GM","Germany","quantile","0.75",77867.354414
2021-03-15,"21 day ahead cum death",2021-04-05,"GM","Germany","quantile","0.75",78128.255957
2021-03-15,"22 day ahead cum death",2021-04-06,"GM","Germany","quantile","0.75",78465.862099
2021-03-15,"23 day ahead cum death",2021-04-07,"GM","Germany","quantile","0.75",78822.667504
2021-03-15,"24 day ahead cum death",2021-04-08,"GM","Germany","quantile","0.75",79039.979101
2021-03-15,"25 day ahead cum death",2021-04-09,"GM","Germany","quantile","0.75",79193.460001
2021-03-15,"26 day ahead cum death",2021-04-10,"GM","Germany","quantile","0.75",79378.080595
2021-03-15,"27 day ahead cum death",2021-04-11,"GM","Germany","quantile","0.75",79614.640345
2021-03-15,"28 day ahead cum death",2021-04-12,"GM","Germany","quantile","0.75",79927.329277
2021-03-15,"29 day ahead cum death",2021-04-13,"GM","Germany","quantile","0.75",80389.203769
2021-03-15,"30 day ahead cum death",2021-04-14,"GM","Germany","quantile","0.75",80878.571235
2021-03-15,"1 day ahead cum death",2021-03-16,"GM","Germany","quantile","0.8",74281.249819
2021-03-15,"2 day ahead cum death",2021-03-17,"GM","Germany","quantile","0.8",74549.805177
2021-03-15,"3 day ahead cum death",2021-03-18,"GM","Germany","quantile","0.8",74732.178915
2021-03-15,"4 day ahead cum death",2021-03-19,"GM","Germany","quantile","0.8",74864.380094
2021-03-15,"5 day ahead cum death",2021-03-20,"GM","Germany","quantile","0.8",75008.526001
2021-03-15,"6 day ahead cum death",2021-03-21,"GM","Germany","quantile","0.8",75184.319690
2021-03-15,"7 day ahead cum death",2021-03-22,"GM","Germany","quantile","0.8",75411.626417
2021-03-15,"8 day ahead cum death",2021-03-23,"GM","Germany","quantile","0.8",75660.150719
2021-03-15,"9 day ahead cum death",2021-03-24,"GM","Germany","quantile","0.8",75884.711224
2021-03-15,"10 day ahead cum death",2021-03-25,"GM","Germany","quantile","0.8",76042.252080
2021-03-15,"11 day ahead cum death",2021-03-26,"GM","Germany","quantile","0.8",76166.761920
2021-03-15,"12 day ahead cum death",2021-03-27,"GM","Germany","quantile","0.8",76306.820705
2021-03-15,"13 day ahead cum death",2021-03-28,"GM","Germany","quantile","0.8",76483.218223
2021-03-15,"14 day ahead cum death",2021-03-29,"GM","Germany","quantile","0.8",76708.581810
2021-03-15,"15 day ahead cum death",2021-03-30,"GM","Germany","quantile","0.8",76976.763163
2021-03-15,"16 day ahead cum death",2021-03-31,"GM","Germany","quantile","0.8",77238.852803
2021-03-15,"17 day ahead cum death",2021-04-01,"GM","Germany","quantile","0.8",77413.723526
2021-03-15,"18 day ahead cum death",2021-04-02,"GM","Germany","quantile","0.8",77548.252331
2021-03-15,"19 day ahead cum death",2021-04-03,"GM","Germany","quantile","0.8",77709.484365
2021-03-15,"20 day ahead cum death",2021-04-04,"GM","Germany","quantile","0.8",77919.477821
2021-03-15,"21 day ahead cum death",2021-04-05,"GM","Germany","quantile","0.8",78188.191028
2021-03-15,"22 day ahead cum death",2021-04-06,"GM","Germany","quantile","0.8",78530.242010
2021-03-15,"23 day ahead cum death",2021-04-07,"GM","Germany","quantile","0.8",78897.066441
2021-03-15,"24 day ahead cum death",2021-04-08,"GM","Germany","quantile","0.8",79122.086090
2021-03-15,"25 day ahead cum death",2021-04-09,"GM","Germany","quantile","0.8",79280.132983
2021-03-15,"26 day ahead cum death",2021-04-10,"GM","Germany","quantile","0.8",79471.395045
2021-03-15,"27 day ahead cum death",2021-04-11,"GM","Germany","quantile","0.8",79717.610831
2021-03-15,"28 day ahead cum death",2021-04-12,"GM","Germany","quantile","0.8",80043.166949
2021-03-15,"29 day ahead cum death",2021-04-13,"GM","Germany","quantile","0.8",80521.290889
2021-03-15,"30 day ahead cum death",2021-04-14,"GM","Germany","quantile","0.8",81034.583493
2021-03-15,"1 day ahead cum death",2021-03-16,"GM","Germany","quantile","0.85",74323.080565
2021-03-15,"2 day ahead cum death",2021-03-17,"GM","Germany","quantile","0.85",74593.445781
2021-03-15,"3 day ahead cum death",2021-03-18,"GM","Germany","quantile","0.85",74777.465038
2021-03-15,"4 day ahead cum death",2021-03-19,"GM","Germany","quantile","0.85",74908.186597
2021-03-15,"5 day ahead cum death",2021-03-20,"GM","Germany","quantile","0.85",75051.776268
2021-03-15,"6 day ahead cum death",2021-03-21,"GM","Germany","quantile","0.85",75228.067849
2021-03-15,"7 day ahead cum death",2021-03-22,"GM","Germany","quantile","0.85",75457.424982
2021-03-15,"8 day ahead cum death",2021-03-23,"GM","Germany","quantile","0.85",75704.865693
2021-03-15,"9 day ahead cum death",2021-03-24,"GM","Germany","quantile","0.85",75930.760187
2021-03-15,"10 day ahead cum death",2021-03-25,"GM","Germany","quantile","0.85",76089.521220
2021-03-15,"11 day ahead cum death",2021-03-26,"GM","Germany","quantile","0.85",76212.684684
2021-03-15,"12 day ahead cum death",2021-03-27,"GM","Germany","quantile","0.85",76352.171047
2021-03-15,"13 day ahead cum death",2021-03-28,"GM","Germany","quantile","0.85",76529.022955
2021-03-15,"14 day ahead cum death",2021-03-29,"GM","Germany","quantile","0.85",76756.477523
2021-03-15,"15 day ahead cum death",2021-03-30,"GM","Germany","quantile","0.85",77023.734191
2021-03-15,"16 day ahead cum death",2021-03-31,"GM","Germany","quantile","0.85",77286.972393
2021-03-15,"17 day ahead cum death",2021-04-01,"GM","Germany","quantile","0.85",77463.712573
2021-03-15,"18 day ahead cum death",2021-04-02,"GM","Germany","quantile","0.85",77599.414710
2021-03-15,"19 day ahead cum death",2021-04-03,"GM","Germany","quantile","0.85",77763.917101
2021-03-15,"20 day ahead cum death",2021-04-04,"GM","Germany","quantile","0.85",77980.234018
2021-03-15,"21 day ahead cum death",2021-04-05,"GM","Germany","quantile","0.85",78258.052673
2021-03-15,"22 day ahead cum death",2021-04-06,"GM","Germany","quantile","0.85",78605.284660
2021-03-15,"23 day ahead cum death",2021-04-07,"GM","Germany","quantile","0.85",78983.787489
2021-03-15,"24 day ahead cum death",2021-04-08,"GM","Germany","quantile","0.85",79217.791814
2021-03-15,"25 day ahead cum death",2021-04-09,"GM","Germany","quantile","0.85",79381.160929
2021-03-15,"26 day ahead cum death",2021-04-10,"GM","Germany","quantile","0.85",79580.164433
2021-03-15,"27 day ahead cum death",2021-04-11,"GM","Germany","quantile","0.85",79837.635509
2021-03-15,"28 day ahead cum death",2021-04-12,"GM","Germany","quantile","0.85",80178.189903
2021-03-15,"29 day ahead cum death",2021-04-13,"GM","Germany","quantile","0.85",80675.254558
2021-03-15,"30 day ahead cum death",2021-04-14,"GM","Germany","quantile","0.85",81216.434833
2021-03-15,"1 day ahead cum death",2021-03-16,"GM","Germany","quantile","0.9",74375.713194
2021-03-15,"2 day ahead cum death",2021-03-17,"GM","Germany","quantile","0.9",74648.355625
2021-03-15,"3 day ahead cum death",2021-03-18,"GM","Germany","quantile","0.9",74834.445322
2021-03-15,"4 day ahead cum death",2021-03-19,"GM","Germany","quantile","0.9",74963.305181
2021-03-15,"5 day ahead cum death",2021-03-20,"GM","Germany","quantile","0.9",75106.194980
2021-03-15,"6 day ahead cum death",2021-03-21,"GM","Germany","quantile","0.9",75283.113021
2021-03-15,"7 day ahead cum death",2021-03-22,"GM","Germany","quantile","0.9",75515.050035
2021-03-15,"8 day ahead cum death",2021-03-23,"GM","Germany","quantile","0.9",75761.127341
2021-03-15,"9 day ahead cum death",2021-03-24,"GM","Germany","quantile","0.9",75988.700299
2021-03-15,"10 day ahead cum death",2021-03-25,"GM","Germany","quantile","0.9",76148.996591
2021-03-15,"11 day ahead cum death",2021-03-26,"GM","Germany","quantile","0.9",76270.466006
2021-03-15,"12 day ahead cum death",2021-03-27,"GM","Germany","quantile","0.9",76409.232132
2021-03-15,"13 day ahead cum death",2021-03-28,"GM","Germany","quantile","0.9",76586.655768
2021-03-15,"14 day ahead cum death",2021-03-29,"GM","Germany","quantile","0.9",76816.741268
2021-03-15,"15 day ahead cum death",2021-03-30,"GM","Germany","quantile","0.9",77082.834470
2021-03-15,"16 day ahead cum death",2021-03-31,"GM","Germany","quantile","0.9",77347.517825
2021-03-15,"17 day ahead cum death",2021-04-01,"GM","Germany","quantile","0.9",77526.610210
2021-03-15,"18 day ahead cum death",2021-04-02,"GM","Germany","quantile","0.9",77663.788665
2021-03-15,"19 day ahead cum death",2021-04-03,"GM","Germany","quantile","0.9",77832.405912
2021-03-15,"20 day ahead cum death",2021-04-04,"GM","Germany","quantile","0.9",78056.679187
2021-03-15,"21 day ahead cum death",2021-04-05,"GM","Germany","quantile","0.9",78345.954574
2021-03-15,"22 day ahead cum death",2021-04-06,"GM","Germany","quantile","0.9",78699.705448
2021-03-15,"23 day ahead cum death",2021-04-07,"GM","Germany","quantile","0.9",79092.902369
2021-03-15,"24 day ahead cum death",2021-04-08,"GM","Germany","quantile","0.9",79338.211468
2021-03-15,"25 day ahead cum death",2021-04-09,"GM","Germany","quantile","0.9",79508.277154
2021-03-15,"26 day ahead cum death",2021-04-10,"GM","Germany","quantile","0.9",79717.021160
2021-03-15,"27 day ahead cum death",2021-04-11,"GM","Germany","quantile","0.9",79988.653961
2021-03-15,"28 day ahead cum death",2021-04-12,"GM","Germany","quantile","0.9",80348.079611
2021-03-15,"29 day ahead cum death",2021-04-13,"GM","Germany","quantile","0.9",80868.976012
2021-03-15,"30 day ahead cum death",2021-04-14,"GM","Germany","quantile","0.9",81445.245344
2021-03-15,"1 day ahead cum death",2021-03-16,"GM","Germany","quantile","0.95",74453.722678
2021-03-15,"2 day ahead cum death",2021-03-17,"GM","Germany","quantile","0.95",74729.740286
2021-03-15,"3 day ahead cum death",2021-03-18,"GM","Germany","quantile","0.95",74918.898686
2021-03-15,"4 day ahead cum death",2021-03-19,"GM","Germany","quantile","0.95",75044.999225
2021-03-15,"5 day ahead cum death",2021-03-20,"GM","Germany","quantile","0.95",75186.851708
2021-03-15,"6 day ahead cum death",2021-03-21,"GM","Germany","quantile","0.95",75364.698259
2021-03-15,"7 day ahead cum death",2021-03-22,"GM","Germany","quantile","0.95",75600.459044
2021-03-15,"8 day ahead cum death",2021-03-23,"GM","Germany","quantile","0.95",75844.515579
2021-03-15,"9 day ahead cum death",2021-03-24,"GM","Germany","quantile","0.95",76074.576271
2021-03-15,"10 day ahead cum death",2021-03-25,"GM","Germany","quantile","0.95",76237.148051
2021-03-15,"11 day ahead cum death",2021-03-26,"GM","Germany","quantile","0.95",76356.106631
2021-03-15,"12 day ahead cum death",2021-03-27,"GM","Germany","quantile","0.95",76493.805257
2021-03-15,"13 day ahead cum death",2021-03-28,"GM","Germany","quantile","0.95",76672.076278
2021-03-15,"14 day ahead cum death",2021-03-29,"GM","Germany","quantile","0.95",76906.061215
2021-03-15,"15 day ahead cum death",2021-03-30,"GM","Germany","quantile","0.95",77170.429985
2021-03-15,"16 day ahead cum death",2021-03-31,"GM","Germany","quantile","0.95",77437.255276
2021-03-15,"17 day ahead cum death",2021-04-01,"GM","Germany","quantile","0.95",77619.833982
2021-03-15,"18 day ahead cum death",2021-04-02,"GM","Germany","quantile","0.95",77759.200563
2021-03-15,"19 day ahead cum death",2021-04-03,"GM","Germany","quantile","0.95",77933.916647
2021-03-15,"20 day ahead cum death",2021-04-04,"GM","Germany","quantile","0.95",78169.982444
2021-03-15,"21 day ahead cum death",2021-04-05,"GM","Germany","quantile","0.95",78476.238433
2021-03-15,"22 day ahead cum death",2021-04-06,"GM","Germany","quantile","0.95",78839.651280
2021-03-15,"23 day ahead cum death",2021-04-07,"GM","Germany","quantile","0.95",79254.627059
2021-03-15,"24 day ahead cum death",2021-04-08,"GM","Germany","quantile","0.95",79516.691535
2021-03-15,"25 day ahead cum death",2021-04-09,"GM","Germany","quantile","0.95",79696.682548
2021-03-15,"26 day ahead cum death",2021-04-10,"GM","Germany","quantile","0.95",79919.863446
2021-03-15,"27 day ahead cum death",2021-04-11,"GM","Germany","quantile","0.95",80212.486055
2021-03-15,"28 day ahead cum death",2021-04-12,"GM","Germany","quantile","0.95",80599.881751
2021-03-15,"29 day ahead cum death",2021-04-13,"GM","Germany","quantile","0.95",81156.100388
2021-03-15,"30 day ahead cum death",2021-04-14,"GM","Germany","quantile","0.95",81784.376989
2021-03-15,"1 day ahead cum death",2021-03-16,"GM","Germany","quantile","0.975",74521.384273
2021-03-15,"2 day ahead cum death",2021-03-17,"GM","Germany","quantile","0.975",74800.329342
2021-03-15,"3 day ahead cum death",2021-03-18,"GM","Germany","quantile","0.975",74992.149384
2021-03-15,"4 day ahead cum death",2021-03-19,"GM","Germany","quantile","0.975",75115.856624
2021-03-15,"5 day ahead cum death",2021-03-20,"GM","Germany","quantile","0.975",75256.809391
2021-03-15,"6 day ahead cum death",2021-03-21,"GM","Germany","quantile","0.975",75435.461285
2021-03-15,"7 day ahead cum death",2021-03-22,"GM","Germany","quantile","0.975",75674.538622
2021-03-15,"8 day ahead cum death",2021-03-23,"GM","Germany","quantile","0.975",75916.842439
2021-03-15,"9 day ahead cum death",2021-03-24,"GM","Germany","quantile","0.975",76149.060871
2021-03-15,"10 day ahead cum death",2021-03-25,"GM","Germany","quantile","0.975",76313.606296
2021-03-15,"11 day ahead cum death",2021-03-26,"GM","Germany","quantile","0.975",76430.387101
2021-03-15,"12 day ahead cum death",2021-03-27,"GM","Germany","quantile","0.975",76567.159830
2021-03-15,"13 day ahead cum death",2021-03-28,"GM","Germany","quantile","0.975",76746.165831
2021-03-15,"14 day ahead cum death",2021-03-29,"GM","Germany","quantile","0.975",76983.532948
2021-03-15,"15 day ahead cum death",2021-03-30,"GM","Germany","quantile","0.975",77246.406032
2021-03-15,"16 day ahead cum death",2021-03-31,"GM","Germany","quantile","0.975",77515.089132
2021-03-15,"17 day ahead cum death",2021-04-01,"GM","Germany","quantile","0.975",77700.691701
2021-03-15,"18 day ahead cum death",2021-04-02,"GM","Germany","quantile","0.975",77841.956156
2021-03-15,"19 day ahead cum death",2021-04-03,"GM","Germany","quantile","0.975",78021.962071
2021-03-15,"20 day ahead cum death",2021-04-04,"GM","Germany","quantile","0.975",78268.256121
2021-03-15,"21 day ahead cum death",2021-04-05,"GM","Germany","quantile","0.975",78589.240252
2021-03-15,"22 day ahead cum death",2021-04-06,"GM","Germany","quantile","0.975",78961.033419
2021-03-15,"23 day ahead cum death",2021-04-07,"GM","Germany","quantile","0.975",79394.899109
2021-03-15,"24 day ahead cum death",2021-04-08,"GM","Germany","quantile","0.975",79671.496376
2021-03-15,"25 day ahead cum death",2021-04-09,"GM","Germany","quantile","0.975",79860.096130
2021-03-15,"26 day ahead cum death",2021-04-10,"GM","Germany","quantile","0.975",80095.798877
2021-03-15,"27 day ahead cum death",2021-04-11,"GM","Germany","quantile","0.975",80406.627016
2021-03-15,"28 day ahead cum death",2021-04-12,"GM","Germany","quantile","0.975",80818.282555
2021-03-15,"29 day ahead cum death",2021-04-13,"GM","Germany","quantile","0.975",81405.137964
2021-03-15,"30 day ahead cum death",2021-04-14,"GM","Germany","quantile","0.975",82078.523115
2021-03-15,"1 day ahead cum death",2021-03-16,"GM","Germany","quantile","0.99",74600.055498
2021-03-15,"2 day ahead cum death",2021-03-17,"GM","Germany","quantile","0.99",74882.404375
2021-03-15,"3 day ahead cum death",2021-03-18,"GM","Germany","quantile","0.99",75077.319151
2021-03-15,"4 day ahead cum death",2021-03-19,"GM","Germany","quantile","0.99",75198.243665
2021-03-15,"5 day ahead cum death",2021-03-20,"GM","Germany","quantile","0.99",75338.150317
2021-03-15,"6 day ahead cum death",2021-03-21,"GM","Germany","quantile","0.99",75517.738596
2021-03-15,"7 day ahead cum death",2021-03-22,"GM","Germany","quantile","0.99",75760.672140
2021-03-15,"8 day ahead cum death",2021-03-23,"GM","Germany","quantile","0.99",76000.938045
2021-03-15,"9 day ahead cum death",2021-03-24,"GM","Germany","quantile","0.99",76235.665315
2021-03-15,"10 day ahead cum death",2021-03-25,"GM","Germany","quantile","0.99",76402.505530
2021-03-15,"11 day ahead cum death",2021-03-26,"GM","Germany","quantile","0.99",76516.754200
2021-03-15,"12 day ahead cum death",2021-03-27,"GM","Germany","quantile","0.99",76652.450374
2021-03-15,"13 day ahead cum death",2021-03-28,"GM","Germany","quantile","0.99",76832.310949
2021-03-15,"14 day ahead cum death",2021-03-29,"GM","Germany","quantile","0.99",77073.610581
2021-03-15,"15 day ahead cum death",2021-03-30,"GM","Germany","quantile","0.99",77334.744605
2021-03-15,"16 day ahead cum death",2021-03-31,"GM","Germany","quantile","0.99",77605.587810
2021-03-15,"17 day ahead cum death",2021-04-01,"GM","Germany","quantile","0.99",77794.706274
2021-03-15,"18 day ahead cum death",2021-04-02,"GM","Germany","quantile","0.99",77938.177417
2021-03-15,"19 day ahead cum death",2021-04-03,"GM","Germany","quantile","0.99",78124.333904
2021-03-15,"20 day ahead cum death",2021-04-04,"GM","Germany","quantile","0.99",78382.520510
2021-03-15,"21 day ahead cum death",2021-04-05,"GM","Germany","quantile","0.99",78720.629286
2021-03-15,"22 day ahead cum death",2021-04-06,"GM","Germany","quantile","0.99",79102.166387
2021-03-15,"23 day ahead cum death",2021-04-07,"GM","Germany","quantile","0.99",79557.995681
2021-03-15,"24 day ahead cum death",2021-04-08,"GM","Germany","quantile","0.99",79851.490458
2021-03-15,"25 day ahead cum death",2021-04-09,"GM","Germany","quantile","0.99",80050.099734
2021-03-15,"26 day ahead cum death",2021-04-10,"GM","Germany","quantile","0.99",80300.361839
2021-03-15,"27 day ahead cum death",2021-04-11,"GM","Germany","quantile","0.99",80632.357840
2021-03-15,"28 day ahead cum death",2021-04-12,"GM","Germany","quantile","0.99",81072.220688
2021-03-15,"29 day ahead cum death",2021-04-13,"GM","Germany","quantile","0.99",81694.697966
2021-03-15,"30 day ahead cum death",2021-04-14,"GM","Germany","quantile","0.99",82420.531554
2021-03-15,"1 wk ahead inc death",2021-03-20,"GM","Germany","point",NA,1452.134642
2021-03-15,"2 wk ahead inc death",2021-03-27,"GM","Germany","point",NA,1289.222026
2021-03-15,"3 wk ahead inc death",2021-04-03,"GM","Germany","point",NA,1363.426194
2021-03-15,"4 wk ahead inc death",2021-04-10,"GM","Germany","point",NA,1527.167216
2021-03-15,"1 wk ahead inc death",2021-03-20,"GM","Germany","quantile","0.01",756.920576
2021-03-15,"2 wk ahead inc death",2021-03-27,"GM","Germany","quantile","0.01",540.876307
2021-03-15,"3 wk ahead inc death",2021-04-03,"GM","Germany","quantile","0.01",517.383783
2021-03-15,"4 wk ahead inc death",2021-04-10,"GM","Germany","quantile","0.01",74.731076
2021-03-15,"1 wk ahead inc death",2021-03-20,"GM","Germany","quantile","0.025",866.412040
2021-03-15,"2 wk ahead inc death",2021-03-27,"GM","Germany","quantile","0.025",658.735643
2021-03-15,"3 wk ahead inc death",2021-04-03,"GM","Germany","quantile","0.025",650.629680
2021-03-15,"4 wk ahead inc death",2021-04-10,"GM","Germany","quantile","0.025",303.479841
2021-03-15,"1 wk ahead inc death",2021-03-20,"GM","Germany","quantile","0.05",960.580739
2021-03-15,"2 wk ahead inc death",2021-03-27,"GM","Germany","quantile","0.05",760.101174
2021-03-15,"3 wk ahead inc death",2021-04-03,"GM","Germany","quantile","0.05",765.228502
2021-03-15,"4 wk ahead inc death",2021-04-10,"GM","Germany","quantile","0.05",500.216398
2021-03-15,"1 wk ahead inc death",2021-03-20,"GM","Germany","quantile","0.1",1069.151218
2021-03-15,"2 wk ahead inc death",2021-03-27,"GM","Germany","quantile","0.1",876.969139
2021-03-15,"3 wk ahead inc death",2021-04-03,"GM","Germany","quantile","0.1",897.353605
2021-03-15,"4 wk ahead inc death",2021-04-10,"GM","Germany","quantile","0.1",727.041049
2021-03-15,"1 wk ahead inc death",2021-03-20,"GM","Germany","quantile","0.15",1142.403205
2021-03-15,"2 wk ahead inc death",2021-03-27,"GM","Germany","quantile","0.15",955.819400
2021-03-15,"3 wk ahead inc death",2021-04-03,"GM","Germany","quantile","0.15",986.497785
2021-03-15,"4 wk ahead inc death",2021-04-10,"GM","Germany","quantile","0.15",880.078564
2021-03-15,"1 wk ahead inc death",2021-03-20,"GM","Germany","quantile","0.2",1200.621562
2021-03-15,"2 wk ahead inc death",2021-03-27,"GM","Germany","quantile","0.2",1018.487088
2021-03-15,"3 wk ahead inc death",2021-04-03,"GM","Germany","quantile","0.2",1057.346753
2021-03-15,"4 wk ahead inc death",2021-04-10,"GM","Germany","quantile","0.2",1001.707929
2021-03-15,"1 wk ahead inc death",2021-03-20,"GM","Germany","quantile","0.25",1250.567728
2021-03-15,"2 wk ahead inc death",2021-03-27,"GM","Germany","quantile","0.25",1072.250385
2021-03-15,"3 wk ahead inc death",2021-04-03,"GM","Germany","quantile","0.25",1118.128859
2021-03-15,"4 wk ahead inc death",2021-04-10,"GM","Germany","quantile","0.25",1106.055094
2021-03-15,"1 wk ahead inc death",2021-03-20,"GM","Germany","quantile","0.3",1295.420929
2021-03-15,"2 wk ahead inc death",2021-03-27,"GM","Germany","quantile","0.3",1120.531486
2021-03-15,"3 wk ahead inc death",2021-04-03,"GM","Germany","quantile","0.3",1172.713068
2021-03-15,"4 wk ahead inc death",2021-04-10,"GM","Germany","quantile","0.3",1199.762074
2021-03-15,"1 wk ahead inc death",2021-03-20,"GM","Germany","quantile","0.35",1336.984105
2021-03-15,"2 wk ahead inc death",2021-03-27,"GM","Germany","quantile","0.35",1165.271122
2021-03-15,"3 wk ahead inc death",2021-04-03,"GM","Germany","quantile","0.35",1223.293473
2021-03-15,"4 wk ahead inc death",2021-04-10,"GM","Germany","quantile","0.35",1286.595556
2021-03-15,"1 wk ahead inc death",2021-03-20,"GM","Germany","quantile","0.4",1376.423494
2021-03-15,"2 wk ahead inc death",2021-03-27,"GM","Germany","quantile","0.4",1207.724662
2021-03-15,"3 wk ahead inc death",2021-04-03,"GM","Germany","quantile","0.4",1271.289332
2021-03-15,"4 wk ahead inc death",2021-04-10,"GM","Germany","quantile","0.4",1368.992038
2021-03-15,"1 wk ahead inc death",2021-03-20,"GM","Germany","quantile","0.45",1414.581559
2021-03-15,"2 wk ahead inc death",2021-03-27,"GM","Germany","quantile","0.45",1248.798952
2021-03-15,"3 wk ahead inc death",2021-04-03,"GM","Germany","quantile","0.45",1317.725880
2021-03-15,"4 wk ahead inc death",2021-04-10,"GM","Germany","quantile","0.45",1448.711589
2021-03-15,"1 wk ahead inc death",2021-03-20,"GM","Germany","quantile","0.5",1452.134642
2021-03-15,"2 wk ahead inc death",2021-03-27,"GM","Germany","quantile","0.5",1289.222026
2021-03-15,"3 wk ahead inc death",2021-04-03,"GM","Germany","quantile","0.5",1363.426194
2021-03-15,"4 wk ahead inc death",2021-04-10,"GM","Germany","quantile","0.5",1527.167216
2021-03-15,"1 wk ahead inc death",2021-03-20,"GM","Germany","quantile","0.55",1489.687726
2021-03-15,"2 wk ahead inc death",2021-03-27,"GM","Germany","quantile","0.55",1329.645099
2021-03-15,"3 wk ahead inc death",2021-04-03,"GM","Germany","quantile","0.55",1409.126508
2021-03-15,"4 wk ahead inc death",2021-04-10,"GM","Germany","quantile","0.55",1605.622843
2021-03-15,"1 wk ahead inc death",2021-03-20,"GM","Germany","quantile","0.6",1527.845791
2021-03-15,"2 wk ahead inc death",2021-03-27,"GM","Germany","quantile","0.6",1370.719390
2021-03-15,"3 wk ahead inc death",2021-04-03,"GM","Germany","quantile","0.6",1455.563056
2021-03-15,"4 wk ahead inc death",2021-04-10,"GM","Germany","quantile","0.6",1685.342394
2021-03-15,"1 wk ahead inc death",2021-03-20,"GM","Germany","quantile","0.65",1567.285180
2021-03-15,"2 wk ahead inc death",2021-03-27,"GM","Germany","quantile","0.65",1413.172930
2021-03-15,"3 wk ahead inc death",2021-04-03,"GM","Germany","quantile","0.65",1503.558914
2021-03-15,"4 wk ahead inc death",2021-04-10,"GM","Germany","quantile","0.65",1767.738876
2021-03-15,"1 wk ahead inc death",2021-03-20,"GM","Germany","quantile","0.7",1608.848355
2021-03-15,"2 wk ahead inc death",2021-03-27,"GM","Germany","quantile","0.7",1457.912566
2021-03-15,"3 wk ahead inc death",2021-04-03,"GM","Germany","quantile","0.7",1554.139320
2021-03-15,"4 wk ahead inc death",2021-04-10,"GM","Germany","quantile","0.7",1854.572358
2021-03-15,"1 wk ahead inc death",2021-03-20,"GM","Germany","quantile","0.75",1653.701556
2021-03-15,"2 wk ahead inc death",2021-03-27,"GM","Germany","quantile","0.75",1506.193667
2021-03-15,"3 wk ahead inc death",2021-04-03,"GM","Germany","quantile","0.75",1608.723529
2021-03-15,"4 wk ahead inc death",2021-04-10,"GM","Germany","quantile","0.75",1948.279338
2021-03-15,"1 wk ahead inc death",2021-03-20,"GM","Germany","quantile","0.8",1703.647723
2021-03-15,"2 wk ahead inc death",2021-03-27,"GM","Germany","quantile","0.8",1559.956964
2021-03-15,"3 wk ahead inc death",2021-04-03,"GM","Germany","quantile","0.8",1669.505635
2021-03-15,"4 wk ahead inc death",2021-04-10,"GM","Germany","quantile","0.8",2052.626503
2021-03-15,"1 wk ahead inc death",2021-03-20,"GM","Germany","quantile","0.85",1761.866080
2021-03-15,"2 wk ahead inc death",2021-03-27,"GM","Germany","quantile","0.85",1622.624652
2021-03-15,"3 wk ahead inc death",2021-04-03,"GM","Germany","quantile","0.85",1740.354603
2021-03-15,"4 wk ahead inc death",2021-04-10,"GM","Germany","quantile","0.85",2174.255869
2021-03-15,"1 wk ahead inc death",2021-03-20,"GM","Germany","quantile","0.9",1835.118067
2021-03-15,"2 wk ahead inc death",2021-03-27,"GM","Germany","quantile","0.9",1701.474913
2021-03-15,"3 wk ahead inc death",2021-04-03,"GM","Germany","quantile","0.9",1829.498783
2021-03-15,"4 wk ahead inc death",2021-04-10,"GM","Germany","quantile","0.9",2327.293384
2021-03-15,"1 wk ahead inc death",2021-03-20,"GM","Germany","quantile","0.95",1943.688546
2021-03-15,"2 wk ahead inc death",2021-03-27,"GM","Germany","quantile","0.95",1818.342878
2021-03-15,"3 wk ahead inc death",2021-04-03,"GM","Germany","quantile","0.95",1961.623886
2021-03-15,"4 wk ahead inc death",2021-04-10,"GM","Germany","quantile","0.95",2554.118034
2021-03-15,"1 wk ahead inc death",2021-03-20,"GM","Germany","quantile","0.975",2037.857245
2021-03-15,"2 wk ahead inc death",2021-03-27,"GM","Germany","quantile","0.975",1919.708409
2021-03-15,"3 wk ahead inc death",2021-04-03,"GM","Germany","quantile","0.975",2076.222708
2021-03-15,"4 wk ahead inc death",2021-04-10,"GM","Germany","quantile","0.975",2750.854591
2021-03-15,"1 wk ahead inc death",2021-03-20,"GM","Germany","quantile","0.99",2147.348709
2021-03-15,"2 wk ahead inc death",2021-03-27,"GM","Germany","quantile","0.99",2037.567744
2021-03-15,"3 wk ahead inc death",2021-04-03,"GM","Germany","quantile","0.99",2209.468605
2021-03-15,"4 wk ahead inc death",2021-04-10,"GM","Germany","quantile","0.99",2979.603356
2021-03-15,"1 wk ahead cum death",2021-03-20,"GM","Germany","point",NA,74821.677584
2021-03-15,"2 wk ahead cum death",2021-03-27,"GM","Germany","point",NA,76110.899610
2021-03-15,"3 wk ahead cum death",2021-04-03,"GM","Germany","point",NA,77474.325804
2021-03-15,"4 wk ahead cum death",2021-04-10,"GM","Germany","point",NA,79001.493020
2021-03-15,"1 wk ahead cum death",2021-03-20,"GM","Germany","quantile","0.01",74305.204851
2021-03-15,"2 wk ahead cum death",2021-03-27,"GM","Germany","quantile","0.01",75569.348845
2021-03-15,"3 wk ahead cum death",2021-04-03,"GM","Germany","quantile","0.01",76824.317703
2021-03-15,"4 wk ahead cum death",2021-04-10,"GM","Germany","quantile","0.01",77702.624201
2021-03-15,"1 wk ahead cum death",2021-03-20,"GM","Germany","quantile","0.025",74386.545776
2021-03-15,"2 wk ahead cum death",2021-03-27,"GM","Germany","quantile","0.025",75654.639389
2021-03-15,"3 wk ahead cum death",2021-04-03,"GM","Germany","quantile","0.025",76926.689536
2021-03-15,"4 wk ahead cum death",2021-04-10,"GM","Germany","quantile","0.025",77907.187162
2021-03-15,"1 wk ahead cum death",2021-03-20,"GM","Germany","quantile","0.05",74456.503459
2021-03-15,"2 wk ahead cum death",2021-03-27,"GM","Germany","quantile","0.05",75727.993962
2021-03-15,"3 wk ahead cum death",2021-04-03,"GM","Germany","quantile","0.05",77014.734960
2021-03-15,"4 wk ahead cum death",2021-04-10,"GM","Germany","quantile","0.05",78083.122594
2021-03-15,"1 wk ahead cum death",2021-03-20,"GM","Germany","quantile","0.1",74537.160188
2021-03-15,"2 wk ahead cum death",2021-03-27,"GM","Germany","quantile","0.1",75812.567087
2021-03-15,"3 wk ahead cum death",2021-04-03,"GM","Germany","quantile","0.1",77116.245695
2021-03-15,"4 wk ahead cum death",2021-04-10,"GM","Germany","quantile","0.1",78285.964879
2021-03-15,"1 wk ahead cum death",2021-03-20,"GM","Germany","quantile","0.15",74591.578899
2021-03-15,"2 wk ahead cum death",2021-03-27,"GM","Germany","quantile","0.15",75869.628173
2021-03-15,"3 wk ahead cum death",2021-04-03,"GM","Germany","quantile","0.15",77184.734506
2021-03-15,"4 wk ahead cum death",2021-04-10,"GM","Germany","quantile","0.15",78422.821606
2021-03-15,"1 wk ahead cum death",2021-03-20,"GM","Germany","quantile","0.2",74634.829166
2021-03-15,"2 wk ahead cum death",2021-03-27,"GM","Germany","quantile","0.2",75914.978515
2021-03-15,"3 wk ahead cum death",2021-04-03,"GM","Germany","quantile","0.2",77239.167242
2021-03-15,"4 wk ahead cum death",2021-04-10,"GM","Germany","quantile","0.2",78531.590994
2021-03-15,"1 wk ahead cum death",2021-03-20,"GM","Germany","quantile","0.25",74671.934044
2021-03-15,"2 wk ahead cum death",2021-03-27,"GM","Germany","quantile","0.25",75953.885070
2021-03-15,"3 wk ahead cum death",2021-04-03,"GM","Germany","quantile","0.25",77285.865683
2021-03-15,"4 wk ahead cum death",2021-04-10,"GM","Germany","quantile","0.25",78624.905444
2021-03-15,"1 wk ahead cum death",2021-03-20,"GM","Germany","quantile","0.3",74705.255372
2021-03-15,"2 wk ahead cum death",2021-03-27,"GM","Germany","quantile","0.3",75988.824360
2021-03-15,"3 wk ahead cum death",2021-04-03,"GM","Germany","quantile","0.3",77327.802326
2021-03-15,"4 wk ahead cum death",2021-04-10,"GM","Germany","quantile","0.3",78708.704705
2021-03-15,"1 wk ahead cum death",2021-03-20,"GM","Germany","quantile","0.35",74736.132547
2021-03-15,"2 wk ahead cum death",2021-03-27,"GM","Germany","quantile","0.35",76021.200818
2021-03-15,"3 wk ahead cum death",2021-04-03,"GM","Germany","quantile","0.35",77366.662875
2021-03-15,"4 wk ahead cum death",2021-04-10,"GM","Germany","quantile","0.35",78786.357208
2021-03-15,"1 wk ahead cum death",2021-03-20,"GM","Germany","quantile","0.4",74765.431967
2021-03-15,"2 wk ahead cum death",2021-03-27,"GM","Germany","quantile","0.4",76051.922911
2021-03-15,"3 wk ahead cum death",2021-04-03,"GM","Germany","quantile","0.4",77403.537737
2021-03-15,"4 wk ahead cum death",2021-04-10,"GM","Germany","quantile","0.4",78860.041839
2021-03-15,"1 wk ahead cum death",2021-03-20,"GM","Germany","quantile","0.45",74793.779495
2021-03-15,"2 wk ahead cum death",2021-03-27,"GM","Germany","quantile","0.45",76081.646892
2021-03-15,"3 wk ahead cum death",2021-04-03,"GM","Germany","quantile","0.45",77439.214592
2021-03-15,"4 wk ahead cum death",2021-04-10,"GM","Germany","quantile","0.45",78931.332573
2021-03-15,"1 wk ahead cum death",2021-03-20,"GM","Germany","quantile","0.5",74821.677584
2021-03-15,"2 wk ahead cum death",2021-03-27,"GM","Germany","quantile","0.5",76110.899610
2021-03-15,"3 wk ahead cum death",2021-04-03,"GM","Germany","quantile","0.5",77474.325804
2021-03-15,"4 wk ahead cum death",2021-04-10,"GM","Germany","quantile","0.5",79001.493020
2021-03-15,"1 wk ahead cum death",2021-03-20,"GM","Germany","quantile","0.55",74849.575672
2021-03-15,"2 wk ahead cum death",2021-03-27,"GM","Germany","quantile","0.55",76140.152328
2021-03-15,"3 wk ahead cum death",2021-04-03,"GM","Germany","quantile","0.55",77509.437016
2021-03-15,"4 wk ahead cum death",2021-04-10,"GM","Germany","quantile","0.55",79071.653466
2021-03-15,"1 wk ahead cum death",2021-03-20,"GM","Germany","quantile","0.6",74877.923200
2021-03-15,"2 wk ahead cum death",2021-03-27,"GM","Germany","quantile","0.6",76169.876308
2021-03-15,"3 wk ahead cum death",2021-04-03,"GM","Germany","quantile","0.6",77545.113871
2021-03-15,"4 wk ahead cum death",2021-04-10,"GM","Germany","quantile","0.6",79142.944200
2021-03-15,"1 wk ahead cum death",2021-03-20,"GM","Germany","quantile","0.65",74907.222621
2021-03-15,"2 wk ahead cum death",2021-03-27,"GM","Germany","quantile","0.65",76200.598401
2021-03-15,"3 wk ahead cum death",2021-04-03,"GM","Germany","quantile","0.65",77581.988732
2021-03-15,"4 wk ahead cum death",2021-04-10,"GM","Germany","quantile","0.65",79216.628832
2021-03-15,"1 wk ahead cum death",2021-03-20,"GM","Germany","quantile","0.7",74938.099796
2021-03-15,"2 wk ahead cum death",2021-03-27,"GM","Germany","quantile","0.7",76232.974860
2021-03-15,"3 wk ahead cum death",2021-04-03,"GM","Germany","quantile","0.7",77620.849282
2021-03-15,"4 wk ahead cum death",2021-04-10,"GM","Germany","quantile","0.7",79294.281335
2021-03-15,"1 wk ahead cum death",2021-03-20,"GM","Germany","quantile","0.75",74971.421123
2021-03-15,"2 wk ahead cum death",2021-03-27,"GM","Germany","quantile","0.75",76267.914149
2021-03-15,"3 wk ahead cum death",2021-04-03,"GM","Germany","quantile","0.75",77662.785925
2021-03-15,"4 wk ahead cum death",2021-04-10,"GM","Germany","quantile","0.75",79378.080595
2021-03-15,"1 wk ahead cum death",2021-03-20,"GM","Germany","quantile","0.8",75008.526001
2021-03-15,"2 wk ahead cum death",2021-03-27,"GM","Germany","quantile","0.8",76306.820705
2021-03-15,"3 wk ahead cum death",2021-04-03,"GM","Germany","quantile","0.8",77709.484365
2021-03-15,"4 wk ahead cum death",2021-04-10,"GM","Germany","quantile","0.8",79471.395045
2021-03-15,"1 wk ahead cum death",2021-03-20,"GM","Germany","quantile","0.85",75051.776268
2021-03-15,"2 wk ahead cum death",2021-03-27,"GM","Germany","quantile","0.85",76352.171047
2021-03-15,"3 wk ahead cum death",2021-04-03,"GM","Germany","quantile","0.85",77763.917101
2021-03-15,"4 wk ahead cum death",2021-04-10,"GM","Germany","quantile","0.85",79580.164433
2021-03-15,"1 wk ahead cum death",2021-03-20,"GM","Germany","quantile","0.9",75106.194980
2021-03-15,"2 wk ahead cum death",2021-03-27,"GM","Germany","quantile","0.9",76409.232132
2021-03-15,"3 wk ahead cum death",2021-04-03,"GM","Germany","quantile","0.9",77832.405912
2021-03-15,"4 wk ahead cum death",2021-04-10,"GM","Germany","quantile","0.9",79717.021160
2021-03-15,"1 wk ahead cum death",2021-03-20,"GM","Germany","quantile","0.95",75186.851708
2021-03-15,"2 wk ahead cum death",2021-03-27,"GM","Germany","quantile","0.95",76493.805257
2021-03-15,"3 wk ahead cum death",2021-04-03,"GM","Germany","quantile","0.95",77933.916647
2021-03-15,"4 wk ahead cum death",2021-04-10,"GM","Germany","quantile","0.95",79919.863446
2021-03-15,"1 wk ahead cum death",2021-03-20,"GM","Germany","quantile","0.975",75256.809391
2021-03-15,"2 wk ahead cum death",2021-03-27,"GM","Germany","quantile","0.975",76567.159830
2021-03-15,"3 wk ahead cum death",2021-04-03,"GM","Germany","quantile","0.975",78021.962071
2021-03-15,"4 wk ahead cum death",2021-04-10,"GM","Germany","quantile","0.975",80095.798877
2021-03-15,"1 wk ahead cum death",2021-03-20,"GM","Germany","quantile","0.99",75338.150317
2021-03-15,"2 wk ahead cum death",2021-03-27,"GM","Germany","quantile","0.99",76652.450374
2021-03-15,"3 wk ahead cum death",2021-04-03,"GM","Germany","quantile","0.99",78124.333904
2021-03-15,"4 wk ahead cum death",2021-04-10,"GM","Germany","quantile","0.99",80300.361839
